horizon,quartile,obs,avg_return,median_return,hit_rate
1m,Q1 easiest,37,0.0242440250680037,0.022171912753418566,0.7297297297297297
1m,Q2,28,0.026029175876294542,0.028601060913030274,0.6785714285714286
1m,Q3,29,0.02374998383611434,0.027095983797595036,0.7931034482758621
1m,Q4 tightest,25,-0.011250534365797038,-0.0035142496946261037,0.4
3m,Q1 easiest,37,0.07820608757035125,0.07434647013449625,0.8918918918918919
3m,Q2,28,0.059095469983885755,0.06085420706035538,0.8214285714285714
3m,Q3,27,0.07984582085279603,0.06984666766953396,0.9629629629629629
3m,Q4 tightest,25,-0.02789652291035031,-0.028886189974147047,0.36
6m,Q1 easiest,37,0.14550683196236802,0.12984529597531447,0.9459459459459459
6m,Q2,27,0.1411125892365776,0.1363778515211007,0.9629629629629629
6m,Q3,27,0.11945613172122328,0.11673197732266183,0.9259259259259259
6m,Q4 tightest,23,-0.021726032422572917,-0.0490241417558841,0.30434782608695654
12m,Q1 easiest,34,0.32336241094706547,0.30764017438926106,1.0
12m,Q2,24,0.22550240940317648,0.22779505688685475,0.9166666666666666
12m,Q3,27,0.19504532890663165,0.21060551154016682,0.8518518518518519
12m,Q4 tightest,23,0.06140584138229631,0.08528784648187626,0.6521739130434783
