,fci,nasdaq100,sp500,recessions,ndx_ret,spx_ret,ndx_10mma,trend_ok,fci_ok,raw_signal,position,strategy_ret,strategy_equity,ndx_equity,spx_equity,strategy_dd,ndx_dd,spx_dd
1980-01-01,,,,0.0,,,,False,False,0.0,,,1.0,1.0,1.0,0.0,0.0,0.0
1980-02-01,,,,1.0,,,,False,False,0.0,0.0,,1.0,1.0,1.0,0.0,0.0,0.0
1980-03-01,,,,1.0,,,,False,False,0.0,0.0,,1.0,1.0,1.0,0.0,0.0,0.0
1980-04-01,,,,1.0,,,,False,False,0.0,0.0,,1.0,1.0,1.0,0.0,0.0,0.0
1980-05-01,,,,1.0,,,,False,False,0.0,0.0,,1.0,1.0,1.0,0.0,0.0,0.0
1980-06-01,,,,1.0,,,,False,False,0.0,0.0,,1.0,1.0,1.0,0.0,0.0,0.0
1980-07-01,,,,1.0,,,,False,False,0.0,0.0,,1.0,1.0,1.0,0.0,0.0,0.0
1980-08-01,,,,0.0,,,,False,False,0.0,0.0,,1.0,1.0,1.0,0.0,0.0,0.0
1980-09-01,,,,0.0,,,,False,False,0.0,0.0,,1.0,1.0,1.0,0.0,0.0,0.0
1980-10-01,,,,0.0,,,,False,False,0.0,0.0,,1.0,1.0,1.0,0.0,0.0,0.0
1980-11-01,,,,0.0,,,,False,False,0.0,0.0,,1.0,1.0,1.0,0.0,0.0,0.0
1980-12-01,,,,0.0,,,,False,False,0.0,0.0,,1.0,1.0,1.0,0.0,0.0,0.0
1981-01-01,,,,0.0,,,,False,False,0.0,0.0,,1.0,1.0,1.0,0.0,0.0,0.0
1981-02-01,,,,0.0,,,,False,False,0.0,0.0,,1.0,1.0,1.0,0.0,0.0,0.0
1981-03-01,,,,0.0,,,,False,False,0.0,0.0,,1.0,1.0,1.0,0.0,0.0,0.0
1981-04-01,,,,0.0,,,,False,False,0.0,0.0,,1.0,1.0,1.0,0.0,0.0,0.0
1981-05-01,,,,0.0,,,,False,False,0.0,0.0,,1.0,1.0,1.0,0.0,0.0,0.0
1981-06-01,,,,0.0,,,,False,False,0.0,0.0,,1.0,1.0,1.0,0.0,0.0,0.0
1981-07-01,,,,0.0,,,,False,False,0.0,0.0,,1.0,1.0,1.0,0.0,0.0,0.0
1981-08-01,,,,1.0,,,,False,False,0.0,0.0,,1.0,1.0,1.0,0.0,0.0,0.0
1981-09-01,,,,1.0,,,,False,False,0.0,0.0,,1.0,1.0,1.0,0.0,0.0,0.0
1981-10-01,,,,1.0,,,,False,False,0.0,0.0,,1.0,1.0,1.0,0.0,0.0,0.0
1981-11-01,,,,1.0,,,,False,False,0.0,0.0,,1.0,1.0,1.0,0.0,0.0,0.0
1981-12-01,,,,1.0,,,,False,False,0.0,0.0,,1.0,1.0,1.0,0.0,0.0,0.0
1982-01-01,,,,1.0,,,,False,False,0.0,0.0,,1.0,1.0,1.0,0.0,0.0,0.0
1982-02-01,,,,1.0,,,,False,False,0.0,0.0,,1.0,1.0,1.0,0.0,0.0,0.0
1982-03-01,,,,1.0,,,,False,False,0.0,0.0,,1.0,1.0,1.0,0.0,0.0,0.0
1982-04-01,,,,1.0,,,,False,False,0.0,0.0,,1.0,1.0,1.0,0.0,0.0,0.0
1982-05-01,,,,1.0,,,,False,False,0.0,0.0,,1.0,1.0,1.0,0.0,0.0,0.0
1982-06-01,,,,1.0,,,,False,False,0.0,0.0,,1.0,1.0,1.0,0.0,0.0,0.0
1982-07-01,,,,1.0,,,,False,False,0.0,0.0,,1.0,1.0,1.0,0.0,0.0,0.0
1982-08-01,,,,1.0,,,,False,False,0.0,0.0,,1.0,1.0,1.0,0.0,0.0,0.0
1982-09-01,,,,1.0,,,,False,False,0.0,0.0,,1.0,1.0,1.0,0.0,0.0,0.0
1982-10-01,,,,1.0,,,,False,False,0.0,0.0,,1.0,1.0,1.0,0.0,0.0,0.0
1982-11-01,0.3333333333333333,,,1.0,,,,False,True,0.0,0.0,,1.0,1.0,1.0,0.0,0.0,0.0
1982-12-01,0.3333333333333333,,,0.0,,,,False,True,0.0,0.0,,1.0,1.0,1.0,0.0,0.0,0.0
1983-01-01,0.0,,,0.0,,,,False,True,0.0,0.0,,1.0,1.0,1.0,0.0,0.0,0.0
1983-02-01,0.0,,,0.0,,,,False,True,0.0,0.0,,1.0,1.0,1.0,0.0,0.0,0.0
1983-03-01,0.3333333333333333,,,0.0,,,,False,True,0.0,0.0,,1.0,1.0,1.0,0.0,0.0,0.0
1983-04-01,0.3333333333333333,,,0.0,,,,False,True,0.0,0.0,,1.0,1.0,1.0,0.0,0.0,0.0
1983-05-01,0.3333333333333333,,,0.0,,,,False,True,0.0,0.0,,1.0,1.0,1.0,0.0,0.0,0.0
1983-06-01,0.0,,,0.0,,,,False,True,0.0,0.0,,1.0,1.0,1.0,0.0,0.0,0.0
1983-07-01,0.0,,,0.0,,,,False,True,0.0,0.0,,1.0,1.0,1.0,0.0,0.0,0.0
1983-08-01,0.3333333333333333,,,0.0,,,,False,True,0.0,0.0,,1.0,1.0,1.0,0.0,0.0,0.0
1983-09-01,0.3333333333333333,,,0.0,,,,False,True,0.0,0.0,,1.0,1.0,1.0,0.0,0.0,0.0
1983-10-01,1.0,,,0.0,,,,False,True,0.0,0.0,,1.0,1.0,1.0,0.0,0.0,0.0
1983-11-01,1.3333333333333333,,,0.0,,,,False,True,0.0,0.0,,1.0,1.0,1.0,0.0,0.0,0.0
1983-12-01,2.0,,,0.0,,,,False,True,0.0,0.0,,1.0,1.0,1.0,0.0,0.0,0.0
1984-01-01,3.0,,,0.0,,,,False,True,0.0,0.0,,1.0,1.0,1.0,0.0,0.0,0.0
1984-02-01,4.0,,,0.0,,,,False,True,0.0,0.0,,1.0,1.0,1.0,0.0,0.0,0.0
1984-03-01,5.0,,,0.0,,,,False,True,0.0,0.0,,1.0,1.0,1.0,0.0,0.0,0.0
1984-04-01,5.333333333333333,,,0.0,,,,False,True,0.0,0.0,,1.0,1.0,1.0,0.0,0.0,0.0
1984-05-01,5.666666666666667,,,0.0,,,,False,True,0.0,0.0,,1.0,1.0,1.0,0.0,0.0,0.0
1984-06-01,6.0,,,0.0,,,,False,False,0.0,0.0,,1.0,1.0,1.0,0.0,0.0,0.0
1984-07-01,6.0,,,0.0,,,,False,False,0.0,0.0,,1.0,1.0,1.0,0.0,0.0,0.0
1984-08-01,6.0,,,0.0,,,,False,False,0.0,0.0,,1.0,1.0,1.0,0.0,0.0,0.0
1984-09-01,6.0,,,0.0,,,,False,False,0.0,0.0,,1.0,1.0,1.0,0.0,0.0,0.0
1984-10-01,6.0,,,0.0,,,,False,False,0.0,0.0,,1.0,1.0,1.0,0.0,0.0,0.0
1984-11-01,5.0,,,0.0,,,,False,True,0.0,0.0,,1.0,1.0,1.0,0.0,0.0,0.0
1984-12-01,4.0,,,0.0,,,,False,True,0.0,0.0,,1.0,1.0,1.0,0.0,0.0,0.0
1985-01-01,2.3333333333333335,,,0.0,,,,False,True,0.0,0.0,,1.0,1.0,1.0,0.0,0.0,0.0
1985-02-01,1.3333333333333333,,,0.0,,,,False,True,0.0,0.0,,1.0,1.0,1.0,0.0,0.0,0.0
1985-03-01,0.3333333333333333,,,0.0,,,,False,True,0.0,0.0,,1.0,1.0,1.0,0.0,0.0,0.0
1985-04-01,0.0,,,0.0,,,,False,True,0.0,0.0,,1.0,1.0,1.0,0.0,0.0,0.0
1985-05-01,0.0,,,0.0,,,,False,True,0.0,0.0,,1.0,1.0,1.0,0.0,0.0,0.0
1985-06-01,0.0,,,0.0,,,,False,True,0.0,0.0,,1.0,1.0,1.0,0.0,0.0,0.0
1985-07-01,0.0,,,0.0,,,,False,True,0.0,0.0,,1.0,1.0,1.0,0.0,0.0,0.0
1985-08-01,0.0,,,0.0,,,,False,True,0.0,0.0,,1.0,1.0,1.0,0.0,0.0,0.0
1985-09-01,0.0,,,0.0,,,,False,True,0.0,0.0,,1.0,1.0,1.0,0.0,0.0,0.0
1985-10-01,0.3333333333333333,,,0.0,,,,False,True,0.0,0.0,,1.0,1.0,1.0,0.0,0.0,0.0
1985-11-01,0.6666666666666666,,,0.0,,,,False,True,0.0,0.0,,1.0,1.0,1.0,0.0,0.0,0.0
1985-12-01,1.6666666666666667,,,0.0,,,,False,True,0.0,0.0,,1.0,1.0,1.0,0.0,0.0,0.0
1986-01-01,2.3333333333333335,132.93,,0.0,,,,False,True,0.0,0.0,,1.0,1.0,1.0,0.0,0.0,0.0
1986-02-01,2.6666666666666665,140.43,,0.0,0.056420672534416516,,,False,True,0.0,0.0,0.0,1.0,1.0564206725344165,1.0,0.0,0.0,0.0
1986-03-01,2.3333333333333335,148.86,,0.0,0.06002990813928655,,,False,True,0.0,0.0,0.0,1.0,1.119837508463101,1.0,0.0,0.0,0.0
1986-04-01,1.6666666666666667,154.91,,0.0,0.04064221416095659,,,False,True,0.0,0.0,0.0,1.0,1.1653501843075302,1.0,0.0,0.0,0.0
1986-05-01,1.3333333333333333,163.16,,0.0,0.053256729714027395,,,False,True,0.0,0.0,0.0,1.0,1.2274129240953884,1.0,0.0,0.0,0.0
1986-06-01,1.0,162.62,,0.0,-0.003309634714390719,,,False,True,0.0,0.0,-0.0,1.0,1.2233506356729105,1.0,0.0,-0.003309634714390719,0.0
1986-07-01,1.0,144.52,,0.0,-0.1113024228262206,,,False,True,0.0,0.0,-0.0,1.0,1.0871887459565184,1.0,0.0,-0.11424368717822986,0.0
1986-08-01,1.0,151.7,,0.0,0.04968170495433144,,,False,True,0.0,0.0,0.0,1.0,1.1412021364627998,1.0,0.0,-0.0702378033831822,0.0
1986-09-01,1.0,137.5,,0.0,-0.09360580092287407,,,False,True,0.0,0.0,-0.0,1.0,1.0343789964643044,1.0,0.0,-0.1572689384653101,0.0
1986-10-01,1.0,144.48,,0.0,0.050763636363636344,,148.11100000000002,False,True,0.0,0.0,0.0,1.0,1.0868878357030014,1.0,0.0,-0.11448884530522185,0.0
1986-11-01,1.3333333333333333,147.94,,0.0,0.023947951273532775,,149.612,False,True,0.0,0.0,0.0,1.0,1.1129165726322123,1.0,0.0,-0.09328266732042167,0.0
1986-12-01,1.6666666666666667,141.41,,0.0,-0.044139516020008096,,149.71,False,True,0.0,0.0,-0.0,1.0,1.0637929737455802,1.0,0.0,-0.13330473155185096,0.0
1987-01-01,2.0,166.68,,0.0,0.1787002333639771,,151.49200000000002,True,True,1.0,0.0,0.0,1.0,1.2538930264048747,1.0,0.0,0.0,0.0
1987-02-01,2.0,182.75,,0.0,0.09641228701703852,,154.276,True,True,1.0,1.0,0.09641228701703852,1.0964122870170385,1.3747837207552844,1.0,0.0,0.0,0.0
1987-03-01,2.6666666666666665,186.04,,0.0,0.018002735978112083,,156.56400000000002,True,True,1.0,1.0,0.018002735978112083,1.1161507079433644,1.3995335891070484,1.0,0.0,0.0,0.0
1987-04-01,4.0,184.83,,0.0,-0.006503977639217284,,158.785,True,True,1.0,1.0,-0.006503977639217284,1.1088912886969042,1.3904310539381626,1.0,-0.006503977639217173,-0.006503977639217284,0.0
1987-05-01,5.333333333333333,188.77,,0.0,0.021316885786939244,,163.20999999999998,True,True,1.0,1.0,0.021316885786939244,1.132529397648188,1.4200707139095758,1.0,0.0,0.0,0.0
1987-06-01,6.0,189.24,,0.0,0.002489802405043262,,166.964,True,False,0.0,1.0,0.002489802405043262,1.1353491720662348,1.4236064093883993,1.0,0.0,0.0,0.0
1987-07-01,6.0,196.35,,0.0,0.037571337983512976,,172.849,True,False,0.0,0.0,0.0,1.1353491720662348,1.4770932069510263,1.0,0.0,0.0,0.0
1987-08-01,6.0,209.57,,0.0,0.06732874968169078,,179.358,True,False,0.0,0.0,0.0,1.1353491720662348,1.576544045738358,1.0,0.0,0.0,0.0
1987-09-01,6.333333333333333,205.5,,0.0,-0.0194207186143055,,185.114,True,False,0.0,0.0,-0.0,1.1353491720662348,1.5459264274430145,1.0,0.0,-0.0194207186143055,0.0
1987-10-01,6.333333333333333,150.07,,0.0,-0.2697323600973236,,185.98,False,False,0.0,0.0,-0.0,1.1353491720662348,1.1289400436319863,1.0,0.0,-0.2839146824450065,0.0
1987-11-01,6.333333333333333,137.13,,0.0,-0.08622642766708866,,183.025,False,False,0.0,0.0,-0.0,1.1353491720662348,1.0315955766192728,1.0,0.0,-0.34566016128262644,0.0
1987-12-01,6.0,156.25,,0.0,0.13942973820462345,,180.375,False,False,0.0,0.0,0.0,1.1353491720662348,1.1754306778003456,1.0,0.0,-0.2544257288734074,0.0
1988-01-01,5.666666666666667,159.13,,0.0,0.018432000000000004,,177.684,False,True,0.0,0.0,0.0,1.1353491720662348,1.1970962160535616,1.0,0.0,-0.24068330390800208,0.0
1988-02-01,5.333333333333333,172.64,,0.0,0.08489913906868596,,176.465,False,True,0.0,0.0,0.0,1.1353491720662348,1.2987286541788907,1.0,0.0,-0.1762179701293124,0.0
1988-03-01,5.0,173.26,,0.0,0.0035912882298425597,,174.91400000000002,False,True,0.0,0.0,0.0,1.1353491720662348,1.3033927631084026,1.0,0.0,-0.17325953142148198,0.0
1988-04-01,5.0,175.92,,0.0,0.015352649197737378,,173.582,True,True,1.0,0.0,0.0,1.1353491720662348,1.3234032949672756,1.0,0.0,-0.16056687502982292,0.0
1988-05-01,5.0,173.34,,0.0,-0.014665757162346416,,171.281,True,True,1.0,1.0,-0.014665757162346416,1.1186984168142402,1.3039945836154365,1.0,-0.014665757162346527,-0.17287779739466502,0.0
1988-06-01,5.333333333333333,189.03,,0.0,0.09051574939425411,,169.227,True,True,1.0,1.0,0.09051574939425411,1.2199582423583468,1.422026630557436,1.0,0.0,-0.09801021138521715,0.0
1988-07-01,5.333333333333333,181.16,,0.0,-0.041633603131777996,,166.79299999999998,True,True,1.0,1.0,-0.041633603131777996,1.169166985058658,1.3628225381779884,1.0,-0.04163360313177811,-0.1355632962733213,0.0
1988-08-01,5.0,171.0,,0.0,-0.05608302053433423,,168.886,True,True,1.0,1.0,-0.05608302053433423,1.1035965690275475,1.2863913337846988,1.0,-0.0953816854467544,-0.1840435176790567,0.0
1988-09-01,3.3333333333333335,179.37,,0.0,0.04894736842105263,,173.10999999999999,True,True,1.0,1.0,0.04894736842105263,1.1576147168799487,1.3493568043331077,1.0,-0.05110299952388497,-0.1441045951233475,0.0
1988-10-01,2.6666666666666665,174.78,,0.0,-0.025589563472152577,,174.963,False,True,0.0,1.0,-0.025589563472152577,1.1279918616060514,1.3148273527420447,1.0,-0.07538485954610363,-0.1660065849119623,0.0
1988-11-01,2.6666666666666665,169.19,,0.0,-0.03198306442384713,,175.969,False,True,0.0,0.0,-0.0,1.1279918616060514,1.2727751448130595,1.0,-0.07538485954610363,-0.19268025003578726,0.0
1988-12-01,4.0,177.41,,0.0,0.048584431704001396,,176.44599999999997,True,True,1.0,0.0,0.0,1.1279918616060514,1.33461220191078,1.0,-0.07538485954610363,-0.15345707878035952,0.0
1989-01-01,4.666666666666667,186.47,,0.0,0.05106814722958131,,177.767,True,True,1.0,1.0,0.05106814722958131,1.1855963160683187,1.4027683743323554,1.0,-0.02816647742270406,-0.1102257002433551,0.0
1989-02-01,5.333333333333333,183.79,,0.0,-0.014372285086072911,,178.554,True,True,1.0,1.0,-0.014372285086072911,1.168556587816787,1.3826073873467237,1.0,-0.042133945865387545,-0.12301379014171854,0.0
1989-03-01,5.666666666666667,185.87,,0.0,0.011317264269002703,,179.807,True,True,1.0,1.0,0.011317264269002703,1.1817814515343936,1.398254720529602,1.0,-0.03129352259643925,-0.11308870544448124,0.0
1989-04-01,6.333333333333333,200.47,,0.0,0.07854952386076297,,180.951,True,False,0.0,1.0,0.07854952386076297,1.2746098218599016,1.5080869630632665,1.0,0.0,-0.0434222455504123,0.0
1989-05-01,6.333333333333333,214.54,,0.0,0.07018506509702194,,184.28900000000002,True,False,0.0,0.0,0.0,1.2746098218599016,1.613932144737832,1.0,0.0,0.0,0.0
1989-06-01,6.333333333333333,204.59,,0.0,-0.04637829775333269,,187.648,True,False,0.0,0.0,-0.0,1.2746098218599016,1.539080719175506,1.0,0.0,-0.04637829775333269,0.0
1989-07-01,5.666666666666667,214.28,,0.0,0.04736301872036752,,191.13899999999998,True,True,1.0,0.0,0.0,1.2746098218599016,1.6119762280899723,1.0,0.0,-0.001211895217675063,0.0
1989-08-01,5.333333333333333,222.0,,0.0,0.03602762740339749,,195.861,True,True,1.0,1.0,0.03602762740339749,1.3205309896065809,1.6700519070187319,1.0,0.0,0.0,0.0
1989-09-01,5.333333333333333,226.41,,0.0,0.01986486486486494,,201.583,True,True,1.0,1.0,0.01986486486486494,1.346763159264982,1.703227262468969,1.0,0.0,0.0,0.0
1989-10-01,5.0,222.62,,0.0,-0.016739543306391047,,206.10399999999998,True,True,1.0,1.0,-0.016739543306391047,1.324218959037014,1.674716015948244,1.0,-0.016739543306390936,-0.016739543306391047,0.0
1989-11-01,5.0,224.44,,0.0,0.008175366094690384,,209.901,True,True,1.0,1.0,0.008175366094690384,1.3350449338166712,1.688407432483262,1.0,-0.00870102910648829,-0.0087010291064884,0.0
1989-12-01,4.0,223.84,,0.0,-0.0026733202637675424,,213.906,True,True,1.0,1.0,-0.0026733202637675424,1.331475931142059,1.6838937786805088,1.0,-0.011351088732829862,-0.011351088732829862,0.0
1990-01-01,3.6666666666666665,201.94,,0.0,-0.09783774124374556,,215.513,False,True,0.0,1.0,-0.09783774124374556,1.201207333518707,1.5191454148800123,1.0,-0.10807826509429797,-0.10807826509429797,0.0
1990-02-01,3.0,207.91,,0.0,0.029563236604932097,,216.25699999999998,False,True,0.0,0.0,0.0,1.201207333518707,1.564056270217408,1.0,-0.10807826509429797,-0.0817101718121992,0.0
1990-03-01,2.6666666666666665,213.15,,0.0,0.025203212928671004,,216.118,False,True,0.0,0.0,0.0,1.201207333518707,1.6034755134281202,1.0,-0.10807826509429797,-0.058566317742149376,0.0
1990-04-01,2.0,205.81,,0.0,-0.03443584330283844,,216.24,False,True,0.0,0.0,-0.0,1.201207333518707,1.5482584819077712,1.0,-0.10807826509429797,-0.09098538050439486,0.0
1990-05-01,1.0,236.15,,0.0,0.14741752101452787,,218.427,True,True,1.0,0.0,0.0,1.201207333518707,1.776498909200331,1.0,-0.10807826509429797,0.0,0.0
1990-06-01,1.0,238.46,,0.0,0.009781918272284473,,220.073,True,True,1.0,1.0,0.009781918272284473,1.2129574454832557,1.7938764763409312,1.0,-0.09935355957817626,0.0,0.0
1990-07-01,1.3333333333333333,223.38,,0.0,-0.06323911767172696,,219.76999999999998,True,True,1.0,1.0,-0.06323911767172696,1.1362510868575428,1.6804333107650642,1.0,-0.15630964580463402,-0.06323911767172696,0.0
1990-08-01,2.3333333333333335,193.62,,1.0,-0.13322589309696475,,216.87000000000003,False,True,0.0,1.0,-0.13322589309696475,0.9848730210285498,1.4565560821484993,1.0,-0.2687110467396061,-0.1880399228382117,0.0
1990-09-01,3.0,177.06,,1.0,-0.08552835450883178,,212.132,False,True,0.0,0.0,-0.0,0.9848730210285498,1.3319792371925074,1.0,-0.2687110467396061,-0.2574855321647235,0.0
1990-10-01,3.6666666666666665,172.56,,1.0,-0.02541511352084036,,207.004,False,True,0.0,0.0,-0.0,0.9848730210285498,1.2981268336718574,1.0,-0.2687110467396061,-0.27635662165562347,0.0
1990-11-01,4.0,192.66,,1.0,0.11648122392211402,,206.07600000000002,False,True,0.0,0.0,0.0,0.9848730210285498,1.449334236064094,1.0,-0.2687110467396061,-0.19206575526293712,0.0
1990-12-01,4.0,200.53,,1.0,0.04084916433094565,,205.33800000000002,False,True,0.0,0.0,0.0,0.9848730210285498,1.5085383284435416,1.0,-0.2687110467396061,-0.1590623165310744,0.0
1991-01-01,3.6666666666666665,232.43,,1.0,0.15907844212835998,,207.266,True,True,1.0,0.0,0.0,0.9848730210285498,1.7485142556232605,1.0,-0.2687110467396061,-0.025287259917805782,0.0
1991-02-01,3.0,250.12,,1.0,0.07610893602374902,,211.69699999999997,True,True,1.0,1.0,0.07610893602374902,1.0598306587775281,1.8815918152411044,1.0,-0.21305342258103643,0.0,0.0
1991-03-01,2.0,264.9,,1.0,0.0590916360147129,,214.57199999999997,True,True,1.0,1.0,0.0590916360147129,1.1224577863032432,1.9927781539155947,1.0,-0.166551461865171,0.0,0.0
1991-04-01,2.0,263.65,,0.0,-0.004718761796904447,,217.09099999999998,True,True,1.0,1.0,-0.004718761796904447,1.1171611753825976,1.983374708493192,1.0,-0.17048430698660733,-0.004718761796904447,0.0
1991-05-01,2.3333333333333335,279.0,,0.0,0.05822112649345734,,222.65299999999996,True,True,1.0,1.0,0.05822112649345734,1.1822035574881273,2.098849018280298,1.0,-0.12218896889536668,0.0,0.0
1991-06-01,3.0,254.19,,0.0,-0.08892473118279576,,228.70999999999998,True,True,1.0,1.0,-0.08892473118279576,1.0770764239351507,1.912209433536448,1.0,-0.2002480788656391,-0.08892473118279576,0.0
1991-07-01,2.6666666666666665,272.15,,0.0,0.07065580864707499,,238.219,True,True,1.0,1.0,0.07065580864707499,1.1531781296429886,2.0473181373655307,1.0,-0.14374096016083893,-0.024551971326165045,0.0
1991-08-01,2.3333333333333335,287.4,,0.0,0.056035274664707035,,249.70300000000003,True,True,1.0,1.0,0.056035274664707035,1.2177967828748666,2.1620401715188446,1.0,-0.09576024967931329,0.0,0.0
1991-09-01,1.3333333333333333,287.54,,0.0,0.00048712595685462823,,259.191,True,True,1.0,1.0,0.00048712595685462823,1.218390003297979,2.163093357406154,1.0,-0.09531977102571221,0.0,0.0
1991-10-01,0.6666666666666666,292.5,,0.0,0.017249773944494562,,268.38800000000003,True,True,1.0,1.0,0.017249773944494562,1.2394069554311011,2.200406228842248,1.0,-0.07971424158385232,0.0,0.0
1991-11-01,0.0,284.79,,0.0,-0.026358974358974274,,273.62399999999997,True,True,1.0,1.0,-0.026358974358974274,1.2067374592725584,2.142405777476868,1.0,-0.10397203029287272,-0.026358974358974274,0.0
1991-12-01,0.0,330.86,,0.0,0.16176832051687207,,281.698,True,True,1.0,1.0,0.16176832051687207,1.4019493513638774,2.488979161964944,1.0,0.0,0.0,0.0
1992-01-01,0.0,338.31,,0.0,0.022517076709182016,,289.039,True,True,1.0,1.0,0.022517076709182016,1.4335171524509258,2.545023696682464,1.0,0.0,0.0,0.0
1992-02-01,0.0,345.88,,0.0,0.022375927403860407,,297.262,True,True,1.0,1.0,0.022375927403860407,1.4655934281863565,2.6019709621605354,1.0,0.0,0.0,0.0
1992-03-01,0.3333333333333333,323.05,,0.0,-0.06600555105817041,,301.667,True,True,1.0,1.0,-0.06600555105817041,1.368856126331683,2.430226434965771,1.0,-0.06600555105817041,-0.06600555105817052,0.0
1992-04-01,0.6666666666666666,307.86,,0.0,-0.04702058504875406,,307.034,True,True,1.0,1.0,-0.04702058504875406,1.3044917104239961,2.3159557661927326,1.0,-0.10992251647970386,-0.10992251647970397,0.0
1992-05-01,1.0,315.3,,0.0,0.024166829078152485,,311.34900000000005,True,True,1.0,1.0,0.024166829078152485,1.3360171386236797,2.371925073346874,1.0,-0.0884121660691567,-0.08841216606915692,0.0
1992-06-01,1.3333333333333333,301.23,,0.0,-0.044624167459562325,,312.732,False,True,0.0,1.0,-0.044624167459562325,1.2763984861008912,2.2660798916723084,1.0,-0.12909101422458635,-0.12909101422458658,0.0
1992-07-01,1.6666666666666667,310.89,,0.0,0.032068519071805524,,315.067,False,True,0.0,0.0,0.0,1.2763984861008912,2.3387497178966368,1.0,-0.12909101422458635,-0.10116225280444102,0.0
1992-08-01,1.6666666666666667,299.26,,0.0,-0.037408729775804894,,315.74300000000005,False,True,0.0,0.0,-0.0,1.2763984861008912,2.2512600616866014,1.0,-0.12909101422458635,-0.13478663120157297,0.0
1992-09-01,1.6666666666666667,313.19,,0.0,0.04654815210853447,,318.58299999999997,False,True,0.0,0.0,0.0,1.2763984861008912,2.356052057473858,1.0,-0.12909101422458635,-0.0945125477044062,0.0
1992-10-01,1.6666666666666667,329.15,,0.0,0.05095948146492546,,318.412,True,True,1.0,0.0,0.0,1.2763984861008912,2.4761152486270968,1.0,-0.12909101422458635,-0.048369376662426244,0.0
1992-11-01,2.0,350.96,,0.0,0.0662615828649551,,319.677,True,True,1.0,1.0,0.0662615828649551,1.3609746701563687,2.64018656435718,1.0,-0.07138320629579475,0.0,0.0
1992-12-01,1.6666666666666667,360.19,,0.0,0.026299293366765397,,321.108,True,True,1.0,1.0,0.026299293366765397,1.3967673422715479,2.709621605356202,1.0,-0.04696124081286279,0.0,0.0
1993-01-01,2.6666666666666665,370.56,,0.0,0.028790360642994006,,325.85900000000004,True,True,1.0,1.0,0.028790360642994006,1.436980777789902,2.7876325885804554,1.0,-0.01952291122911365,0.0,0.0
1993-02-01,3.3333333333333335,351.14,,0.0,-0.05240716753022456,,330.187,True,True,1.0,1.0,-0.05240716753022456,1.361672685430554,2.641540660498006,1.0,-0.07090693827987637,-0.05240716753022445,0.0
1993-03-01,4.0,359.42,,0.0,0.023580338326593564,,334.599,True,True,1.0,1.0,0.023580338326593564,1.3937813880430878,2.7038290829760023,1.0,-0.04899860954762514,-0.030062607944732145,0.0
1993-04-01,3.3333333333333335,339.95,,0.0,-0.05417060820210351,,338.471,True,True,1.0,1.0,-0.05417060820210351,1.3182794025520217,2.5573610170766563,1.0,-0.10051493326947647,-0.08260470639032824,0.0
1993-05-01,3.3333333333333335,368.11,,0.0,0.08283571113399035,,344.193,True,True,1.0,1.0,0.08283571113399035,1.4274800143357103,2.769201835552546,1.0,-0.02600544811244876,-0.006611614853195169,0.0
1993-06-01,3.0,366.13,,0.0,-0.00537882698106551,,350.88,True,True,1.0,1.0,-0.00537882698106551,1.4198018463196695,2.75430677800346,1.0,-0.03124439628755238,-0.011954879101899851,0.0
1993-07-01,2.6666666666666665,352.87,,0.0,-0.03621664436129246,,354.848,False,True,0.0,1.0,-0.03621664436129246,1.3683813877880036,2.654555028962611,1.0,-0.06632947346021534,-0.04773855785837655,0.0
1993-08-01,2.0,372.65,,0.0,0.05605463768526642,,359.198,True,True,1.0,0.0,0.0,1.3683813877880036,2.803355149326712,1.0,-0.06632947346021534,0.0,0.0
1993-09-01,2.6666666666666665,382.72,,0.0,0.027022675432711862,,362.37399999999997,True,True,1.0,1.0,0.027022675432711862,1.4053587138983625,2.8791093056495893,1.0,-0.04109919786044158,0.0,0.0
1993-10-01,3.0,390.99,,0.0,0.021608486622073597,,365.454,True,True,1.0,1.0,0.021608486622073597,1.43572638886685,2.941322500564206,1.0,-0.020378802705513288,0.0,0.0
1993-11-01,3.3333333333333335,386.76,,0.0,-0.010818691015115567,,367.07399999999996,True,True,1.0,1.0,-0.010818691015115567,1.4201937086834517,2.909501241254795,1.0,-0.03097702175089989,-0.010818691015115567,0.0
1993-12-01,2.6666666666666665,398.28,,0.0,0.029785913744958092,,371.788,True,True,1.0,1.0,0.029785913744958092,1.4624954759914293,2.9961633942676587,1.0,-0.002113786903889747,0.0,0.0
1994-01-01,2.3333333333333335,413.99,,0.0,0.03944461183087289,,377.245,True,True,1.0,1.0,0.03944461183087289,1.520183042346319,3.1143458963364172,1.0,0.0,0.0,0.0
1994-02-01,2.6666666666666665,412.17,,0.0,-0.004396241455107641,,384.467,True,True,1.0,1.0,-0.004396241455107641,1.5134999506362043,3.1006544798013986,1.0,-0.004396241455107641,-0.004396241455107641,0.0
1994-03-01,3.3333333333333335,382.96,,0.0,-0.07086881626513342,,385.952,False,True,0.0,1.0,-0.07086881626513342,1.4062400007172786,2.8809147671706903,1.0,-0.07495350129230194,-0.07495350129230194,0.0
1994-04-01,4.0,373.25,,0.0,-0.02535512847294752,,386.664,False,True,0.0,0.0,-0.0,1.4062400007172786,2.8078688031294656,1.0,-0.07495350129230194,-0.09840817411048597,0.0
1994-05-01,4.0,378.85,,0.0,0.015003348961821983,,389.262,False,True,0.0,0.0,0.0,1.4062400007172786,2.8499962386218303,1.0,-0.07495350129230194,-0.0848812773255394,0.0
1994-06-01,4.0,360.3,,0.0,-0.04896396990893492,,388.027,False,True,0.0,0.0,-0.0,1.4062400007172786,2.710449108553373,1.0,-0.07495350129230194,-0.1296891229256747,0.0
1994-07-01,4.333333333333333,370.16,,0.0,0.02736608381903971,,386.771,False,True,0.0,0.0,0.0,1.4062400007172786,2.784623486045286,1.0,-0.07495350129230194,-0.10587212251503675,0.0
1994-08-01,5.333333333333333,397.9,,0.0,0.07494056624162515,,387.462,True,True,1.0,0.0,0.0,1.4062400007172786,2.993304746859248,1.0,-0.07495350129230194,-0.03886567308389122,0.0
1994-09-01,6.0,393.85,,0.0,-0.010178436793163992,,388.171,True,False,0.0,1.0,-0.010178436793163992,1.391926675753959,2.9628375836906633,1.0,-0.08436902861013584,-0.04864851808014703,0.0
1994-10-01,6.0,413.05,,0.0,0.048749523930430305,,389.648,True,False,0.0,0.0,0.0,1.391926675753959,3.10727450537877,1.0,-0.08436902861013584,-0.0022705862460448145,0.0
1994-11-01,5.666666666666667,404.82,,0.0,-0.019924948553443955,,388.731,True,True,1.0,0.0,-0.0,1.391926675753959,3.04536222071767,1.0,-0.08436902861013584,-0.022150293485350137,0.0
1994-12-01,5.666666666666667,404.27,,0.0,-0.0013586285262585651,,387.94100000000003,True,True,1.0,1.0,-0.0013586285262585651,1.3900355644658193,3.0412247047318126,1.0,-0.08561303096739203,-0.023478827991014528,0.0
1995-01-01,6.333333333333333,405.33,,0.0,0.002622010042793166,,390.178,True,False,0.0,1.0,0.002622010042793166,1.3936802516756883,3.0491988264500103,1.0,-0.08321549915158932,-0.020918379671006737,0.0
1995-02-01,6.666666666666667,432.5,,0.0,0.0670318012483655,,396.103,True,False,0.0,0.0,0.0,1.3936802516756883,3.253592116151357,1.0,-0.08321549915158932,0.0,0.0
1995-03-01,7.0,447.15,,0.0,0.03387283236994221,,402.93300000000005,True,False,0.0,0.0,0.0,1.3936802516756883,3.3638004965019173,1.0,-0.08321549915158932,0.0,0.0
1995-04-01,7.0,469.56,,0.0,0.05011741026501171,,413.85900000000004,True,False,0.0,0.0,0.0,1.3936802516756883,3.532385466034754,1.0,-0.08321549915158932,0.0,0.0
1995-05-01,6.333333333333333,488.1,,0.0,0.03948377204191167,,425.6530000000001,True,False,0.0,0.0,0.0,1.3936802516756883,3.671857368539832,1.0,-0.08321549915158932,0.0,0.0
1995-06-01,5.0,538.03,,0.0,0.10229461175988508,,439.666,True,True,1.0,0.0,0.0,1.3936802516756883,4.0474685924922875,1.0,-0.08321549915158932,0.0,0.0
1995-07-01,3.6666666666666665,568.88,,0.0,0.05733881010352593,,457.169,True,True,1.0,1.0,0.05733881010352593,1.473592218971555,4.279545625517188,1.0,-0.030648166751586547,0.0,0.0
1995-08-01,2.6666666666666665,576.77,,0.0,0.01386935733370831,,473.541,True,True,1.0,1.0,0.01386935733370831,1.4940299960206436,4.3389001730233945,1.0,-0.017203879794179033,0.0,0.0
1995-09-01,2.6666666666666665,585.08,,0.0,0.014407822875669885,,491.567,True,True,1.0,1.0,0.014407822875669885,1.5155557155742467,4.401414278191529,1.0,-0.0030439273713579462,0.0,0.0
1995-10-01,2.6666666666666665,598.78,,0.0,0.023415601285294185,,511.01800000000003,True,True,1.0,1.0,0.023415601285294185,1.551043363935782,4.504476040021063,1.0,0.0,0.0,0.0
1995-11-01,3.0,593.72,,0.0,-0.008450516049300139,,529.8570000000001,True,True,1.0,1.0,-0.008450516049300139,1.537936247095682,4.466410892951178,1.0,-0.008450516049300139,-0.008450516049300028,0.0
1995-12-01,2.6666666666666665,576.23,,0.0,-0.02945833052617397,,544.23,True,True,1.0,1.0,-0.02945833052617397,1.4926312128005539,4.334837884600918,1.0,-0.0376599084805771,-0.03765990848057699,0.0
1996-01-01,2.3333333333333335,591.82,,0.0,0.027055168942956787,,558.697,True,True,1.0,1.0,0.027055168942956787,1.5330146024324034,4.452117655909126,1.0,-0.01162363472393857,-0.011623634723938459,0.0
1996-02-01,2.0,622.83,,0.0,0.05239768848636417,,574.0240000000001,True,True,1.0,1.0,0.05239768848636417,1.6133410240157038,4.685398329948094,1.0,0.0,0.0,0.0
1996-03-01,2.3333333333333335,609.69,,0.0,-0.02109724965078752,,586.183,True,True,1.0,1.0,-0.02109724965078752,1.5793039656601873,4.586549311667796,1.0,-0.02109724965078752,-0.02109724965078752,0.0
1996-04-01,2.3333333333333335,666.73,,0.0,0.09355574144237222,,599.0530000000001,True,True,1.0,1.0,0.09355574144237222,1.7270569191304048,5.015647333182879,1.0,0.0,0.0,0.0
1996-05-01,3.0,692.39,,0.0,0.038486343797339284,,611.404,True,True,1.0,1.0,0.038486343797339284,1.7935250254776312,5.208681260813964,1.0,0.0,0.0,0.0
1996-06-01,3.3333333333333335,677.3,,0.0,-0.021794075593235096,,621.457,True,True,1.0,1.0,-0.021794075593235096,1.7544368054940127,5.095162867674717,1.0,-0.021794075593235096,-0.021794075593235096,0.0
1996-07-01,4.333333333333333,636.01,,0.0,-0.06096264579949795,,626.55,True,True,1.0,1.0,-0.06096264579949795,1.6474816959430785,4.784548258481909,1.0,-0.08142809688181518,-0.08142809688181518,0.0
1996-08-01,4.666666666666667,663.57,,0.0,0.043332652002327166,,633.029,True,True,1.0,1.0,0.043332652002327166,1.7188714469535837,4.9918754231550455,1.0,-0.04162394026487948,-0.04162394026487959,0.0
1996-09-01,5.0,737.58,,0.0,0.11153307111533062,,647.415,True,True,1.0,1.0,0.11153307111533062,1.910582458284769,5.548634619724669,1.0,0.0,0.0,0.0
1996-10-01,5.0,751.99,,0.0,0.019536863797825266,,664.9910000000001,True,True,1.0,1.0,0.019536863797825266,1.9479092475467927,5.657037538554127,1.0,0.0,0.0,0.0
1996-11-01,5.0,834.01,,0.0,0.10907059934307628,,689.2099999999999,True,True,1.0,1.0,0.10907059934307628,2.160368876642642,6.274054013390507,1.0,0.0,0.0,0.0
1996-12-01,5.0,821.36,,0.0,-0.015167683840721313,,709.063,True,True,1.0,1.0,-0.015167683840721313,2.127601084542392,6.178891145715791,1.0,-0.015167683840721424,-0.015167683840721424,0.0
1997-01-01,5.333333333333333,921.55,,0.0,0.12198061751241829,,740.249,True,True,1.0,1.0,0.12198061751241829,2.3871271786549637,6.932596103212217,1.0,0.0,0.0,0.0
1997-02-01,6.0,850.46,,0.0,-0.07714177201454064,,758.622,True,False,0.0,1.0,-0.07714177201454064,2.2029799580694487,6.397803355149327,1.0,-0.07714177201454075,-0.07714177201454064,0.0
1997-03-01,6.0,797.06,,0.0,-0.06278954918514701,,769.089,True,False,0.0,0.0,-0.0,2.2029799580694487,5.99608816670428,1.0,-0.07714177201454075,-0.13508762411155117,0.0
1997-04-01,5.666666666666667,874.74,,0.0,0.09745815873334518,,788.833,True,True,1.0,0.0,0.0,2.2029799580694487,6.580455879034078,1.0,-0.07714177201454075,-0.05079485649178017,0.0
1997-05-01,4.0,958.85,,0.0,0.0961542858449369,,821.117,True,True,1.0,1.0,0.0961542858449369,2.4148059226683256,7.213194914616716,1.0,0.0,0.0,0.0
1997-06-01,3.0,957.3,,0.0,-0.0016165197893310834,,850.49,True,True,1.0,1.0,-0.0016165197893310834,2.4109023411069384,7.201534642292936,1.0,-0.0016165197893310834,-0.0016165197893310834,0.0
1997-07-01,2.0,1107.03,,0.0,0.15640864932623,,887.4350000000001,True,True,1.0,1.0,0.15640864932623,2.7879883199369204,8.327916948770028,1.0,0.0,0.0,0.0
1997-08-01,2.0,1074.17,,0.0,-0.02968302575359283,,919.6529999999999,True,True,1.0,1.0,-0.02968302575359283,2.705232390835517,8.080719175505905,1.0,-0.02968302575359283,-0.02968302575359283,0.0
1997-09-01,2.0,1097.17,,0.0,0.021411880800990435,,945.9689999999998,True,True,1.0,1.0,0.021411880800990435,2.7631565043270654,8.253742571278115,1.0,-0.008906714361850976,-0.008906714361850976,0.0
1997-10-01,2.0,1019.62,,0.0,-0.07068184511060283,,965.7950000000001,True,True,1.0,1.0,-0.07068184511060283,2.567851504271865,7.670352817272247,1.0,-0.07895901646748515,-0.07895901646748515,0.0
1997-11-01,2.3333333333333335,1050.51,,0.0,0.030295600321688543,,978.691,True,True,1.0,1.0,0.030295600321688543,2.645646107130732,7.902730760550664,1.0,-0.051055526950489205,-0.051055526950489205,0.0
1997-12-01,2.3333333333333335,990.8,,0.0,-0.056839059123663827,,992.725,False,True,0.0,1.0,-0.056839059123663827,2.495270071627237,7.4535469796133285,1.0,-0.10499263795922442,-0.10499263795922431,0.0
1998-01-01,2.3333333333333335,1071.13,,0.0,0.08107589826402917,,1020.132,True,True,1.0,0.0,0.0,2.495270071627237,8.057849996238621,1.0,-0.10499263795922442,-0.032429112128849136,0.0
1998-02-01,2.0,1194.13,,0.0,0.11483199985062509,,1052.071,True,True,1.0,1.0,0.11483199985062509,2.7818069241196053,8.983149025803055,1.0,-0.002217152695049629,0.0,0.0
1998-03-01,2.0,1220.66,,0.0,0.022217011548156362,,1078.252,True,True,1.0,1.0,0.022217011548156362,2.843610360677512,9.18272775144813,1.0,0.0,0.0,0.0
1998-04-01,2.0,1248.12,,0.0,0.02249602673963258,,1107.334,True,True,1.0,1.0,0.02249602673963258,2.9075802953884096,9.389302640487474,1.0,0.0,0.0,0.0
1998-05-01,2.0,1192.07,,0.0,-0.04490754094157612,,1115.8380000000002,True,True,1.0,1.0,-0.04490754094157612,2.777008014232335,8.967652147746934,1.0,-0.04490754094157601,-0.04490754094157612,0.0
1998-06-01,2.0,1337.34,,0.0,0.12186364894679014,,1142.155,True,True,1.0,1.0,0.12186364894679014,3.1154243440011666,10.060482960956895,1.0,0.0,0.0,0.0
1998-07-01,2.0,1377.26,,0.0,0.029850299848954043,,1170.1640000000002,True,True,1.0,1.0,0.029850299848954043,3.2084206948263323,10.360791393966752,1.0,0.0,0.0,0.0
1998-08-01,2.0,1140.34,,0.0,-0.1720227117610328,,1182.236,False,True,0.0,1.0,-0.1720227117610328,2.6564994664320896,8.57849996238622,1.0,-0.1720227117610328,-0.1720227117610328,0.0
1998-09-01,2.0,1345.48,,0.0,0.17989371590929037,,1211.733,True,True,1.0,0.0,0.0,2.6564994664320896,10.121718197547585,1.0,-0.1720227117610328,-0.02307480069122736,0.0
1998-10-01,1.6666666666666667,1400.52,,0.0,0.040907334185569466,,1252.7050000000002,True,True,1.0,1.0,0.040907334185569466,2.765169777869214,10.535770706386824,1.0,-0.1381523681329797,0.0,0.0
1998-11-01,1.3333333333333333,1557.96,,0.0,0.1124153885699597,,1301.388,True,True,1.0,1.0,0.1124153885699597,3.076017412910291,11.720153464229298,1.0,-0.041267431708549074,0.0,0.0
1998-12-01,1.0,1836.01,,0.0,0.1784705640709645,,1365.576,True,True,1.0,1.0,0.1784705640709645,3.6249959756844996,13.811855863988571,1.0,0.0,0.0,0.0
1999-01-01,1.6666666666666667,2127.19,,0.0,0.15859390744059132,,1456.2289999999998,True,True,1.0,1.0,0.15859390744059132,4.199898251924723,16.002332054464762,1.0,0.0,0.0,0.0
1999-02-01,2.0,1925.28,,0.0,-0.09491864854573406,,1523.9450000000002,True,True,1.0,1.0,-0.09491864854573406,3.8012495858224375,14.483412322274887,1.0,-0.09491864854573406,-0.09491864854573406,0.0
1999-03-01,2.3333333333333335,2106.39,,0.0,0.09406943405634505,,1615.377,True,True,1.0,1.0,0.09406943405634505,4.15883098306767,15.84585872263598,1.0,-0.009778158039479345,-0.009778158039479345,0.0
1999-04-01,2.3333333333333335,2136.39,,0.0,0.014242376767835019,,1695.282,True,True,1.0,1.0,0.014242376767835019,4.218062620842265,16.071541412773644,1.0,0.0,0.0,0.0
1999-05-01,3.0,2089.7,,0.0,-0.021854623921662264,,1766.5259999999998,True,True,1.0,1.0,-0.021854623921662264,4.125878448585737,15.720303919356056,1.0,-0.021854623921662264,-0.021854623921662264,0.0
1999-06-01,4.0,2296.77,,0.0,0.09909077858065762,,1882.1689999999999,True,True,1.0,1.0,0.09909077858065762,4.534714956385253,17.27804107424961,1.0,0.0,0.0,0.0
1999-07-01,4.666666666666667,2270.93,,0.0,-0.011250582339546455,,1974.714,True,True,1.0,1.0,-0.011250582339546455,4.483696772382068,17.0836530504777,1.0,-0.011250582339546455,-0.011250582339546455,0.0
1999-08-01,5.0,2396.87,,0.0,0.05545745575601191,,2074.3489999999997,True,True,1.0,1.0,0.05545745575601191,4.73235118775982,18.031068983675624,1.0,0.0,0.0,0.0
1999-09-01,5.333333333333333,2407.9,,0.0,0.004601834893006362,,2159.343,True,True,1.0,1.0,0.004601834893006362,4.754128686581613,18.114044986082906,1.0,0.0,0.0,0.0
1999-10-01,6.0,2637.44,,0.0,0.09532787906474516,,2239.486,True,False,0.0,1.0,0.09532787906474516,5.2073296910743005,19.84081847588957,1.0,0.0,0.0,0.0
1999-11-01,6.666666666666667,2966.71,,0.0,0.1248445462266441,,2323.438,True,False,0.0,0.0,0.0,5.2073296910743005,22.31783645527722,1.0,0.0,0.0,0.0
1999-12-01,6.666666666666667,3707.83,,0.0,0.24981208139656386,,2501.693,True,False,0.0,0.0,0.0,5.2073296910743005,27.893101632438132,1.0,0.0,0.0,0.0
2000-01-01,6.666666666666667,3570.05,,0.0,-0.03715920093423908,,2648.059,True,False,0.0,0.0,-0.0,5.2073296910743005,26.85661626419921,1.0,0.0,-0.03715920093423908,0.0
2000-02-01,6.666666666666667,4266.94,,0.0,0.1952045489558969,,2861.114,True,False,0.0,0.0,0.0,5.2073296910743005,32.09914992853382,1.0,0.0,0.0,0.0
2000-03-01,7.0,4397.84,,0.0,0.030677722208421132,,3091.928,True,False,0.0,0.0,0.0,5.2073296910743005,33.08387873316784,1.0,0.0,0.0,0.0
2000-04-01,7.0,3773.18,,0.0,-0.14203790951921857,,3239.569,True,False,0.0,0.0,-0.0,5.2073296910743005,28.38471375912135,1.0,0.0,-0.14203790951921857,0.0
2000-05-01,7.0,3324.08,,0.0,-0.11902427130431092,,3344.8839999999996,False,False,0.0,0.0,-0.0,5.2073296910743005,25.006243887760483,1.0,0.0,-0.24415622214541688,0.0
2000-06-01,7.0,3763.79,,0.0,0.1322802098625786,,3481.576,True,False,0.0,0.0,0.0,5.2073296910743005,28.314075077108264,1.0,0.0,-0.14417304858748836,0.0
2000-07-01,7.0,3609.35,,0.0,-0.04103310758570489,,3601.721,True,False,0.0,0.0,-0.0,5.2073296910743005,27.152260588279553,1.0,0.0,-0.17929028795954383,0.0
2000-08-01,6.666666666666667,4077.59,,0.0,0.12972972972972974,,3745.736,True,False,0.0,0.0,0.0,5.2073296910743005,30.674716015948253,1.0,0.0,-0.07281983882997112,0.0
2000-09-01,6.333333333333333,3570.61,,0.0,-0.12433324586336536,,3806.1259999999993,False,False,0.0,0.0,-0.0,5.2073296910743005,26.860829007748446,1.0,0.0,-0.18809915776835906,0.0
2000-10-01,6.0,3282.3,,0.0,-0.08074530682432413,,3763.5729999999994,False,False,0.0,0.0,-0.0,5.2073296910743005,24.69194312796209,1.0,0.0,-0.25365634038528007,0.0
2000-11-01,5.666666666666667,2506.54,,0.0,-0.23634646436949702,,3657.222,False,True,0.0,0.0,-0.0,5.2073296910743005,18.856089671255553,1.0,0.0,-0.4300520255398105,0.0
2000-12-01,5.333333333333333,2341.7,,0.0,-0.06576396147677677,,3464.6979999999994,False,True,0.0,0.0,-0.0,5.2073296910743005,17.616038516512454,1.0,0.0,-0.46753406217597737,0.0
2001-01-01,4.666666666666667,2593.0,,0.0,0.10731519836016568,,3284.214,False,True,0.0,0.0,0.0,5.2073296910743005,19.506507184232305,1.0,0.0,-0.41039237443836074,0.0
2001-02-01,4.0,1908.32,,0.0,-0.26404936367142307,,3097.728,False,True,0.0,0.0,-0.0,5.2073296910743005,14.355826374783723,1.0,0.0,-0.5660778927837302,0.0
2001-03-01,2.6666666666666665,1573.25,,0.0,-0.17558375953718453,,2922.645,False,True,0.0,0.0,-0.0,5.2073296910743005,11.835176408636126,1.0,0.0,-0.6422675677150602,0.0
2001-04-01,2.3333333333333335,1855.15,,1.0,0.17918321945018278,,2731.781,False,True,0.0,0.0,0.0,5.2073296910743005,13.9558414202964,1.0,0.0,-0.5781679187965001,0.0
2001-05-01,2.0,1799.89,,1.0,-0.02978734873190847,,2550.835,False,True,0.0,0.0,-0.0,5.2073296910743005,13.540133905062818,1.0,0.0,-0.5907331781056155,0.0
2001-06-01,2.0,1830.19,,1.0,0.016834362099906075,,2326.0950000000003,False,True,0.0,0.0,0.0,5.2073296910743005,13.76807342210186,1.0,0.0,-0.5838434322303677,0.0
2001-07-01,1.0,1683.61,,1.0,-0.08009004529584374,,2137.395,False,True,0.0,0.0,-0.0,5.2073296910743005,12.66538779808922,1.0,0.0,-0.6171734305932004,0.0
2001-08-01,0.3333333333333333,1469.7,,1.0,-0.1270543653221351,,1956.1349999999998,False,True,0.0,0.0,-0.0,5.2073296910743005,11.05619498984428,1.0,0.0,-0.6658132173976317,0.0
2001-09-01,0.0,1168.37,,1.0,-0.20502823705518147,,1822.318,False,True,0.0,0.0,-0.0,5.2073296910743005,8.789362822538179,1.0,0.0,-0.7343309442817384,0.0
2001-10-01,0.0,1364.78,,1.0,0.16810599382045077,,1724.6260000000002,False,True,0.0,0.0,0.0,5.2073296910743005,10.266907394869481,1.0,0.0,-0.6896703836428792,0.0
2001-11-01,0.0,1596.05,,1.0,0.16945588299945769,,1624.931,False,True,0.0,0.0,0.0,5.2073296910743005,12.00669525314075,1.0,0.0,-0.6370832044822006,0.0
2001-12-01,0.0,1577.05,,0.0,-0.011904388960245593,,1591.804,False,True,0.0,0.0,-0.0,5.2073296910743005,11.863762882720227,1.0,0.0,-0.6414035071762503,0.0
2002-01-01,0.0,1550.17,,0.0,-0.017044481785612353,,1589.496,False,True,0.0,0.0,-0.0,5.2073296910743005,11.661551192356878,1.0,0.0,-0.6475155985665693,0.0
2002-02-01,0.0,1359.22,,0.0,-0.12318003831837798,,1539.9029999999998,False,True,0.0,0.0,-0.0,5.2073296910743005,10.22508086963063,1.0,0.0,-0.6909346406417698,0.0
2002-03-01,0.3333333333333333,1452.81,,0.0,0.06885566722090597,,1505.1950000000002,False,True,0.0,0.0,0.0,5.2073296910743005,10.929135635296769,1.0,0.0,-0.6696537391082897,0.0
2002-04-01,0.3333333333333333,1277.07,,0.0,-0.1209655770541227,,1449.883,False,True,0.0,0.0,-0.0,5.2073296910743005,9.607086436470318,1.0,0.0,-0.7096142651847273,0.0
2002-05-01,0.3333333333333333,1208.36,,0.0,-0.05380284557620185,,1402.358,False,True,0.0,0.0,-0.0,5.2073296910743005,9.090197848491682,1.0,0.0,-0.7252378440325253,0.0
2002-06-01,0.0,1051.41,,0.0,-0.12988678870535253,,1360.529,False,True,0.0,0.0,-0.0,5.2073296910743005,7.909501241254793,1.0,0.0,-0.7609258181288998,0.0
2002-07-01,0.6666666666666666,962.11,,0.0,-0.08493356540264985,,1339.9029999999998,False,True,0.0,0.0,-0.0,5.2073296910743005,7.237719100278339,1.0,0.0,-0.7812312407909339,0.0
2002-08-01,1.3333333333333333,942.38,,0.0,-0.020507010632879852,,1297.663,False,True,0.0,0.0,-0.0,5.2073296910743005,7.089295117731133,1.0,0.0,-0.7857175340621761,0.0
2002-09-01,2.0,832.52,,0.0,-0.11657717693499436,,1221.31,False,True,0.0,0.0,-0.0,5.2073296910743005,6.262845106446999,1.0,0.0,-0.8106979790078768,0.0
2002-10-01,2.0,989.54,,0.0,0.18860808148753172,,1162.559,False,True,0.0,0.0,0.0,5.2073296910743005,7.444068306627544,1.0,0.0,-0.7749940880068399,0.0
2002-11-01,2.3333333333333335,1116.1,,0.0,0.12789781110414933,,1119.152,False,True,0.0,0.0,0.0,5.2073296910743005,8.396148348754979,1.0,0.0,-0.7462163243774218,0.0
2002-12-01,2.6666666666666665,984.3,,0.0,-0.1180897769017113,,1081.66,False,True,0.0,0.0,-0.0,5.2073296910743005,7.404649063416832,1.0,0.0,-0.7761855820129884,0.0
2003-01-01,3.0,996.04,,0.0,0.011927257949811976,,1035.983,False,True,0.0,0.0,0.0,5.2073296910743005,7.492966222824038,1.0,0.0,-0.7735160897167702,0.0
2003-02-01,3.0,1013.34,,0.0,0.017368780370266235,,1009.6099999999999,True,True,1.0,0.0,0.0,5.2073296910743005,7.623109907470092,1.0,0.0,-0.7695823404216617,0.0
2003-03-01,3.0,1032.91,,0.0,0.019312372944914946,,992.0650000000002,True,True,1.0,1.0,0.019312372944914946,5.307895584115456,7.770330249003231,1.0,0.0,-0.7651324286467904,0.0
2003-04-01,3.0,1116.85,,0.0,0.0812655507256197,,998.609,True,True,1.0,1.0,0.0812655507256197,5.739244641952683,8.40179041600842,1.0,0.0,-0.7460457861131831,0.0
2003-05-01,3.0,1201.25,,0.0,0.07556968258942565,,1022.5229999999999,True,True,1.0,1.0,0.07556968258942565,6.172957537848109,9.036711050929055,1.0,0.0,-0.7268545467775092,0.0
2003-06-01,3.0,1199.83,,0.0,-0.0011821019771072194,,1048.2679999999998,True,True,1.0,1.0,-0.0011821019771072194,6.16566047253802,9.026028736929206,1.0,-0.0011821019771072194,-0.7271774325578013,0.0
2003-07-01,2.6666666666666665,1298.81,,0.0,0.08249502012785137,,1094.8970000000002,True,True,1.0,1.0,0.08249502012785137,6.6742967573215415,9.770631159256746,1.0,0.0,-0.704670929365325,0.0
2003-08-01,2.6666666666666665,1344.74,,0.0,0.035363140105173274,,1130.417,True,True,1.0,1.0,0.035363140105173274,6.910320848654207,10.116151357857515,1.0,0.0,-0.6942271660633403,0.0
2003-09-01,2.3333333333333335,1302.26,,0.0,-0.03158974969139017,,1149.033,True,True,1.0,1.0,-0.03158974969139017,6.692025542758025,9.796584668622579,1.0,-0.03158974969139017,-0.7038864533498266,0.0
2003-10-01,3.3333333333333335,1411.76,,0.0,0.08408459140263846,,1191.779,True,True,1.0,1.0,0.08408459140263846,7.254721776176853,10.62032648762506,1.0,0.0,-0.6789878667709606,0.0
2003-11-01,3.3333333333333335,1426.76,,0.0,0.010625035416784723,,1234.851,True,True,1.0,1.0,0.010625035416784723,7.331803451987652,10.733167832693894,1.0,0.0,-0.6755771014861844,0.0
2003-12-01,4.0,1459.06,,0.0,0.0226387058790547,,1279.423,True,True,1.0,1.0,0.0226387058790547,7.497785993900238,10.976152862408782,1.0,0.0,-0.6682325869062997,0.0
2004-01-01,3.6666666666666665,1487.78,,0.0,0.019683906076515045,,1324.91,True,True,1.0,1.0,0.019683906076515045,7.64537170918598,11.192206424433907,1.0,0.0,-0.661702108307715,0.0
2004-02-01,3.6666666666666665,1459.91,,0.0,-0.018732608315745525,,1359.216,True,True,1.0,1.0,-0.018732608315745525,7.502153955529518,10.982547205296017,1.0,-0.018732608315745525,-0.6680393102068289,0.0
2004-03-01,4.0,1447.95,,0.0,-0.008192285825838641,,1383.886,True,True,1.0,1.0,-0.008192285825838641,7.440694166016374,10.892575039494467,1.0,-0.026771431259998035,-0.6707588270605572,0.0
2004-04-01,4.666666666666667,1401.36,,0.0,-0.03217652543250815,,1404.039,False,True,0.0,1.0,-0.03217652543250815,7.201278480948033,10.54208982171067,1.0,-0.05808654505370425,-0.681352664035072,0.0
2004-05-01,5.333333333333333,1469.23,,0.0,0.04843152366272774,,1421.081,True,True,1.0,0.0,0.0,7.201278480948033,11.052659294365451,1.0,-0.05808654505370425,-0.6659200880432214,0.0
2004-06-01,5.666666666666667,1523.48,,0.0,0.03692410310162475,,1438.955,True,True,1.0,1.0,0.03692410310162475,7.46717923004207,11.460768825697732,1.0,-0.023307235530459658,-0.6535844869299476,0.0
2004-07-01,5.666666666666667,1412.0,,0.0,-0.07317457400162786,,1449.929,False,True,0.0,1.0,-0.07317457400162786,6.920771570889937,10.622131949146164,1.0,-0.09477631250099061,-0.678933294526404,0.0
2004-08-01,5.666666666666667,1354.1,,0.0,-0.041005665722379625,,1444.163,False,True,0.0,0.0,-0.0,6.920771570889937,10.186564357180467,1.0,-0.09477631250099061,-0.6920988485256401,0.0
2004-09-01,5.666666666666667,1403.89,,0.0,0.036769810206040976,,1441.876,False,True,0.0,0.0,0.0,6.920771570889937,10.561122395245615,1.0,-0.09477631250099061,-0.6807773816237064,0.0
2004-10-01,5.333333333333333,1475.56,,0.0,0.05105100826987852,,1443.526,True,True,1.0,0.0,0.0,6.920771570889937,11.100278341984499,1.0,-0.09477631250099061,-0.6644807450930459,0.0
2004-11-01,5.666666666666667,1571.11,,0.0,0.0647550760389275,,1451.859,True,True,1.0,1.0,0.0647550760389275,7.368926660210963,11.819077710072966,1.0,-0.036158483784753837,-0.6427541702290218,0.0
2004-12-01,5.666666666666667,1620.31,,0.0,0.031315439402715306,,1467.899,True,True,1.0,1.0,0.031315439402715306,7.599687836501853,12.189197321898739,1.0,-0.005975363189894001,-0.631566860094956,0.0
2005-01-01,5.666666666666667,1513.06,,0.0,-0.0661910375175121,,1474.4099999999999,True,True,1.0,1.0,-0.0661910375175121,7.096656613794578,11.38238170465658,1.0,-0.07177088521832309,-0.6559538318811056,0.0
2005-02-01,6.0,1498.17,,0.0,-0.009840984494996818,,1484.091,True,False,0.0,1.0,-0.009840984494996818,7.026818526091909,11.27036786278492,1.0,-0.08090557354469419,-0.6593395848871266,0.0
2005-03-01,6.333333333333333,1478.66,,0.0,-0.013022554182769652,,1485.034,False,False,0.0,0.0,-0.0,7.026818526091909,11.123598886632056,1.0,-0.08090557354469419,-0.6637758536008589,0.0
2005-04-01,6.666666666666667,1422.42,,0.0,-0.03803443658447514,,1474.928,False,False,0.0,0.0,-0.0,7.026818526091909,10.70051907018731,1.0,-0.08090557354469419,-0.6765639495752463,0.0
2005-05-01,6.0,1542.63,,0.0,0.08451090395241923,,1487.991,True,False,0.0,0.0,0.0,7.026818526091909,11.60482960956894,1.0,-0.08090557354469419,-0.6492300765830501,0.0
2005-06-01,5.333333333333333,1493.52,,0.0,-0.03183524241068836,,1501.933,False,True,0.0,0.0,-0.0,7.026818526091909,11.235387045813578,1.0,-0.08090557354469419,-0.6603969221254073,0.0
2005-07-01,5.333333333333333,1605.14,,0.0,0.07473619369007456,,1522.058,True,True,1.0,0.0,0.0,7.026818526091909,12.075077108252456,1.0,-0.08090557354469419,-0.6350162807196263,0.0
2005-08-01,5.666666666666667,1581.71,,0.0,-0.014596857594976198,,1532.6730000000002,True,True,1.0,1.0,-0.014596857594976198,6.924249056720805,11.898818927254938,1.0,-0.09432146400399866,-0.6403438960944468,0.0
2005-09-01,6.333333333333333,1601.66,,0.0,0.012612931574055963,,1535.728,True,False,0.0,1.0,0.012612931574055963,7.011584136274946,12.048897916196486,1.0,-0.08289820260138991,-0.6358075782656945,0.0
2005-10-01,6.666666666666667,1579.18,,0.0,-0.014035438232833486,,1531.6150000000002,True,False,0.0,0.0,-0.0,7.011584136274946,11.879786353719995,1.0,-0.08289820260138991,-0.6409191785058124,0.0
2005-11-01,6.666666666666667,1672.56,,0.0,0.05913195455869502,,1547.565,True,False,0.0,0.0,0.0,7.011584136274946,12.58226134055517,1.0,-0.08289820260138991,-0.6196860276863192,0.0
2005-12-01,6.333333333333333,1645.2,,0.0,-0.0163581575548859,,1562.268,True,False,0.0,0.0,-0.0,7.011584136274946,12.376438727149619,1.0,-0.08289820260138991,-0.6259072635657508,0.0
2006-01-01,6.333333333333333,1710.75,,0.0,0.03984318016046684,,1585.477,True,False,0.0,0.0,0.0,7.011584136274946,12.86955540510042,1.0,-0.08289820260138991,-0.611002219271279,0.0
2006-02-01,6.666666666666667,1670.57,,0.0,-0.023486774806371513,,1610.292,True,False,0.0,0.0,-0.0,7.011584136274946,12.567291055442706,1.0,-0.08289820260138991,-0.6201385225474327,0.0
2006-03-01,6.666666666666667,1703.66,,0.0,0.019807610576030976,,1626.395,True,False,0.0,0.0,0.0,7.011584136274946,12.816219062664551,1.0,-0.08289820260138991,-0.6126143743292165,0.0
2006-04-01,6.333333333333333,1700.71,,0.0,-0.0017315661575666441,,1647.114,True,False,0.0,0.0,-0.0,7.011584136274946,12.79402693146768,1.0,-0.08289820260138991,-0.6132851581685559,0.0
2006-05-01,6.0,1579.58,,0.0,-0.07122319501855112,,1644.5580000000002,False,False,0.0,0.0,-0.0,7.011584136274946,11.882795456255163,1.0,-0.08289820260138991,-0.6408282247648849,0.0
2006-06-01,6.333333333333333,1575.23,,0.0,-0.0027538966054266867,,1643.9099999999999,False,False,0.0,0.0,-0.0,7.011584136274946,11.850071466185202,1.0,-0.08289820260138991,-0.64181734669747,0.0
2006-07-01,6.333333333333333,1509.43,,0.0,-0.04177167778673585,,1634.687,False,False,0.0,0.0,-0.0,7.011584136274946,11.355074099149922,1.0,-0.08289820260138991,-0.6567792370800214,0.0
2006-08-01,6.333333333333333,1579.73,,0.0,0.04657387225641463,,1634.742,False,False,0.0,0.0,0.0,7.011584136274946,11.883923869705853,1.0,-0.08289820260138991,-0.6407941171120372,0.0
2006-09-01,5.333333333333333,1654.13,,0.0,0.04709665575762956,,1632.899,True,True,1.0,0.0,0.0,7.011584136274946,12.443616941247267,1.0,-0.08289820260138991,-0.6238767212995473,0.0
2006-10-01,4.666666666666667,1732.54,,0.0,0.04740256207190474,,1641.6329999999998,True,True,1.0,1.0,0.04740256207190474,7.343951188517102,13.033476265703746,1.0,-0.039425227723946854,-0.6060475142342608,0.0
2006-11-01,4.0,1791.25,,0.0,0.03388666351137637,,1649.6829999999998,True,True,1.0,1.0,0.03388666351137637,7.5928131912863535,13.47513729030316,1.0,-0.006874553638311243,-0.5926977789096469,0.0
2006-12-01,4.333333333333333,1756.9,,0.0,-0.01917655268667129,,1658.316,True,True,1.0,1.0,-0.01917655268667129,7.4472092090835975,13.216730610095532,1.0,-0.025919276084940157,-0.6005084314117843,0.0
2007-01-01,4.333333333333333,1792.28,,0.0,0.02013774261483281,,1667.1779999999999,True,True,1.0,1.0,0.02013774261483281,7.597179191334936,13.482885729331217,1.0,-0.006303489180668698,-0.592463573026759,0.0
2007-02-01,3.6666666666666665,1761.65,,0.0,-0.01708996362175541,,1673.2720000000002,True,True,1.0,1.0,-0.01708996362175541,7.467343675327065,13.25246370270066,1.0,-0.023285726401636286,-0.5994283557382719,0.0
2007-03-01,2.3333333333333335,1772.36,,0.0,0.006079527715493915,,1692.55,True,True,1.0,1.0,0.006079527715493915,7.512741598162334,13.333032423079807,1.0,-0.017347764905176533,-0.5969930693249417,0.0
2007-04-01,1.6666666666666667,1867.75,,0.0,0.05382089417499847,,1721.8020000000001,True,True,1.0,1.0,0.05382089417499847,7.917084068681138,14.050628150154209,1.0,0.0,-0.5753028759572885,0.0
2007-05-01,1.6666666666666667,1928.19,,0.0,0.03235979119261145,,1763.6779999999999,True,True,1.0,1.0,0.03235979119261145,8.173279255998011,14.505303543218227,1.0,0.0,-0.5615597657031637,0.0
2007-06-01,1.6666666666666667,1934.1,,0.0,0.0030650506433493874,,1799.1150000000002,True,True,1.0,1.0,0.0030650506433493874,8.198330770839883,14.549763033175347,1.0,0.0,-0.5602159241809619,0.0
2007-07-01,1.3333333333333333,1932.06,,0.0,-0.0010547541492166301,,1826.9080000000001,True,True,1.0,1.0,-0.0010547541492166301,8.189683547442689,14.534416610245987,1.0,-0.0010547541492166301,-0.5606797882596914,0.0
2007-08-01,1.0,1988.73,,0.0,0.029331387223999306,,1852.527,True,True,1.0,1.0,0.029331387223999306,8.429898326814747,14.96073121191604,1.0,0.0,-0.5477939170138071,0.0
2007-09-01,1.6666666666666667,2091.11,,0.0,0.05148009030889056,,1882.5130000000001,True,True,1.0,1.0,0.05148009030889056,8.863870253973936,15.730911005792516,1.0,0.0,-0.5245143070234483,0.0
2007-10-01,2.6666666666666665,2238.98,,0.0,0.0707136401241446,,1930.7210000000002,True,True,1.0,1.0,0.0707136401241446,9.490666785220558,16.843300985481072,1.0,0.0,-0.49089098284612487,0.0
2007-11-01,3.6666666666666665,2089.1,,0.0,-0.06694119643766361,,1960.4029999999998,True,True,1.0,1.0,-0.06694119643766361,8.855350195626698,15.71579026555329,1.0,-0.06694119643766372,-0.5249713495716083,0.0
2007-12-01,4.0,2084.93,,0.0,-0.0019960748647743776,,1992.7310000000002,True,True,1.0,1.0,-0.0019960748647743776,8.837674253682433,15.684420371624153,1.0,-0.06880365166281088,-0.5259195423207761,0.0
2008-01-01,3.6666666666666665,1841.42,,1.0,-0.11679528809120676,,1999.6370000000002,False,True,0.0,1.0,-0.11679528809120676,7.805475543167352,13.852553975776718,1.0,-0.17756299743633264,-0.5812899059538321,0.0
2008-02-01,3.3333333333333335,1745.27,,1.0,-0.052215138317168286,,1987.389,False,True,0.0,0.0,-0.0,7.805475543167352,13.129240953885498,1.0,-0.17756299743633264,-0.6031529114292473,0.0
2008-03-01,3.0,1781.93,,1.0,0.021005345877715298,,1972.7629999999997,False,True,0.0,0.0,0.0,7.805475543167352,13.405025201233727,1.0,-0.17756299743633264,-0.5948170010732544,0.0
2008-04-01,3.0,1917.7,,1.0,0.07619266750096809,,1971.123,False,True,0.0,0.0,0.0,7.805475543167352,14.426389829233425,1.0,-0.17756299743633264,-0.5639450275589838,0.0
2008-05-01,3.0,2032.57,,1.0,0.05989988006466063,,1981.1739999999998,True,True,1.0,0.0,0.0,7.805475543167352,15.290528849770547,1.0,-0.17756299743633264,-0.5378253870081681,0.0
2008-06-01,3.0,1837.09,,1.0,-0.09617380951209553,,1966.0099999999998,False,True,0.0,1.0,-0.09617380951209553,7.054793225127455,13.819980440833513,1.0,-0.25665989705658965,-0.582274480199371,0.0
2008-07-01,3.0,1849.15,,1.0,0.0065647300894349225,,1941.8139999999999,False,True,0.0,0.0,0.0,7.054793225127455,13.910704882268854,1.0,-0.25665989705658965,-0.5795322249104109,0.0
2008-08-01,3.0,1872.54,,1.0,0.012649054971202833,,1905.1699999999996,False,True,0.0,0.0,0.0,7.054793225127455,14.086662153012853,1.0,-0.25665989705658965,-0.5742137049096834,0.0
2008-09-01,3.0,1594.63,,1.0,-0.14841338502782309,,1855.723,False,True,0.0,0.0,-0.0,7.054793225127455,11.996012939140893,1.0,-0.25665989705658965,-0.6374060902624928,0.0
2008-10-01,2.3333333333333335,1334.78,,1.0,-0.16295316154844708,,1780.708,False,True,0.0,0.0,-0.0,7.054793225127455,10.041224704731805,1.0,-0.25665989705658965,-0.696491914212432,0.0
2008-11-01,1.3333333333333333,1185.75,,1.0,-0.11165135827627026,,1715.141,False,True,0.0,0.0,-0.0,7.054793225127455,8.920108327691258,1.0,-0.25665989705658965,-0.7303790042384446,0.0
2008-12-01,0.3333333333333333,1211.65,,1.0,0.021842715580856042,,1661.779,False,True,0.0,0.0,0.0,7.054793225127455,9.114947716843444,1.0,-0.25665989705658965,-0.7244897495133977,0.0
2009-01-01,0.0,1180.25,,1.0,-0.025915074485206246,,1601.6109999999999,False,True,0.0,0.0,-0.0,7.054793225127455,8.878733167832685,1.0,-0.25665989705658965,-0.7316296181761959,0.0
2009-02-01,0.0,1116.99,,1.0,-0.05359881381063336,,1521.5400000000002,False,True,0.0,0.0,-0.0,7.054793225127455,8.402843601895727,1.0,-0.25665989705658965,-0.7460139523038586,0.0
2009-03-01,0.0,1237.01,,1.0,0.10744948477604988,,1441.984,False,True,0.0,0.0,0.0,7.054793225127455,9.30572481757315,1.0,-0.25665989705658965,-0.7187232823386029,0.0
2009-04-01,0.0,1394.33,,1.0,0.12717762993023496,,1397.708,False,True,0.0,0.0,0.0,7.054793225127455,10.489204844655072,1.0,-0.25665989705658965,-0.6829511760318705,0.0
2009-05-01,0.0,1435.57,,1.0,0.02957692942129908,,1356.35,True,True,1.0,0.0,0.0,7.054793225127455,10.799443316030983,1.0,-0.25665989705658965,-0.6735738453422593,0.0
2009-06-01,0.0,1477.25,,1.0,0.029033763592162032,,1316.821,True,True,1.0,1.0,0.029033763592162032,7.259620423817393,11.11299180019558,1.0,-0.23507793623915718,-0.664096465537628,0.0
2009-07-01,0.0,1603.36,,0.0,0.0853680825858858,,1317.694,True,True,1.0,1.0,0.0853680825858858,7.879360299700019,12.061686601970948,1.0,-0.16977800632825535,-0.6354210248667533,0.0
2009-08-01,0.0,1625.19,,0.0,0.01361515816784764,,1346.7350000000001,True,True,1.0,1.0,0.01361515816784764,7.986639036441894,12.22590837282779,1.0,-0.1584744025699888,-0.6304572244556423,0.0
2009-09-01,0.0,1718.99,,0.0,0.05771632855235387,,1400.059,True,True,1.0,1.0,0.05771632855235387,8.44759851909823,12.931542917324894,1.0,-0.10990463470350231,-0.6091285722081754,0.0
2009-10-01,0.0,1667.13,,0.0,-0.03016887823663894,,1445.607,True,True,1.0,1.0,-0.03016887823663894,8.192743947983544,12.541412773640248,1.0,-0.13675781339812898,-0.6209207247194082,0.0
2009-11-01,1.3333333333333333,1767.43,,0.0,0.060163274609658535,,1504.325,True,True,1.0,1.0,0.060163274609658535,8.685646251932695,13.295945234333846,1.0,-0.08482233667095862,-0.5981140741818716,0.0
2009-12-01,3.0,1860.31,,0.0,0.05255087895984567,,1578.657,True,True,1.0,1.0,0.05255087895984567,9.142084596806047,13.99465884300006,1.0,-0.03672894605859989,-0.5769946155385377,0.0
2010-01-01,4.333333333333333,1741.04,,0.0,-0.06411297041890862,,1629.06,True,True,1.0,1.0,-0.06411297041890862,8.555958397483861,13.097419694576079,1.0,-0.09848711464533566,-0.6041147472395545,0.0
2010-02-01,4.333333333333333,1818.68,,0.0,0.044594035748747984,,1671.4950000000001,True,True,1.0,1.0,0.044594035748747984,8.937503112126057,13.68148649665236,1.0,-0.05828501680787279,-0.5864606261255532,0.0
2010-03-01,4.333333333333333,1958.34,,0.0,0.0767919590032331,,1723.7720000000002,True,True,1.0,1.0,0.0767919590032331,9.62383148470371,14.732114646806576,1.0,0.0,-0.5547041274807638,0.0
2010-04-01,4.666666666666667,2000.63,,0.0,0.021594820102740275,,1776.1100000000001,True,True,1.0,1.0,0.021594820102740275,9.831656394314974,15.050252012337308,1.0,0.0,-0.5450880432212182,0.0
2010-05-01,4.666666666666667,1852.39,,0.0,-0.0740966595522411,,1801.0130000000001,True,True,1.0,1.0,-0.0740966595522411,9.103163497630803,13.93507861280372,1.0,-0.0740966595522412,-0.5787954996088994,0.0
2010-06-01,4.333333333333333,1739.14,,0.0,-0.06113723351993905,,1812.4080000000001,False,True,0.0,1.0,-0.06113723351993905,8.546621265105964,13.08312645753403,1.0,-0.13070382829408733,-0.6045467775089594,0.0
2010-07-01,4.333333333333333,1864.0,,0.0,0.07179410513242179,,1826.909,True,True,1.0,0.0,0.0,8.546621265105964,14.022417813886998,1.0,-0.13070382829408733,-0.5761555672784826,0.0
2010-08-01,4.666666666666667,1767.43,,0.0,-0.051807939914163104,,1836.9389999999999,False,True,0.0,1.0,-0.051807939914163104,8.103838424134246,13.29594523433385,1.0,-0.1757402721254393,-0.5981140741818716,0.0
2010-09-01,5.0,1998.04,,0.0,0.13047758609959081,,1860.0,True,True,1.0,0.0,0.0,8.103838424134246,15.030768073422088,1.0,-0.1757402721254393,-0.545676968693723,0.0
2010-10-01,5.0,2124.45,,0.0,0.06326700166162835,,1886.414,True,True,1.0,1.0,0.06326700166162835,8.616543983179515,15.981719702098834,1.0,-0.1235918305523861,-0.5169333127171527,0.0
2010-11-01,4.666666666666667,2117.33,,0.0,-0.0033514556708794663,,1924.0430000000001,True,True,1.0,1.0,-0.0033514556708794663,8.587666017983706,15.928157676972829,1.0,-0.12652907368188637,-0.5185522893056598,0.0
2010-12-01,4.0,2217.86,,0.0,0.047479608752532876,,1963.961,True,True,1.0,1.0,0.047479608752532876,8.995405040614994,16.684420371624153,1.0,-0.08505701584358982,-0.4956933403670898,0.0
2011-01-01,3.0,2281.91,,0.0,0.028879189849674747,,1996.318,True,True,1.0,1.0,0.028879189849674747,9.255185050557635,17.166252915068068,1.0,-0.058634203702508936,-0.4811293726010957,0.0
2011-02-01,2.6666666666666665,2350.99,,0.0,0.030272885433693775,,2031.3539999999998,True,True,1.0,1.0,0.030272885433693775,9.535366207260802,17.685924922891736,1.0,-0.03013634479999705,-0.46542166154293974,0.0
2011-03-01,2.6666666666666665,2338.99,,0.0,-0.005104232684953969,,2080.014,True,True,1.0,1.0,-0.005104232684953969,9.486695479402696,17.59565184683667,1.0,-0.035086754568817824,-0.4681502737707607,0.0
2011-04-01,3.3333333333333335,2404.08,,0.0,0.02782825065519745,,2146.508,True,True,1.0,1.0,0.02782825065519745,9.750693619093044,18.08530805687203,1.0,-0.008234906914438733,-0.4533498262783552,0.0
2011-05-01,3.3333333333333335,2372.54,,0.0,-0.013119363748294588,,2197.362,True,True,1.0,1.0,-0.013119363748294588,9.622770722705987,17.848040321973965,1.0,-0.021246233923489566,-0.4605215287504779,0.0
2011-06-01,3.6666666666666665,2325.07,,0.0,-0.020008092592748605,,2253.1259999999997,True,True,1.0,1.0,-0.020008092592748605,9.430237435087294,17.4909350786128,1.0,-0.040829229900649855,-0.47131546395503277,0.0
2011-07-01,3.3333333333333335,2362.81,,0.0,0.016231769366083615,,2289.603,True,True,1.0,1.0,0.016231769366083615,9.583306874201039,17.774843902805983,1.0,-0.02526019117770839,-0.4627339784985359,0.0
2011-08-01,3.3333333333333335,2241.01,,0.0,-0.05154879148132929,,2301.259,False,True,0.0,1.0,-0.05154879148132929,9.08929898644126,16.85857218084706,1.0,-0.07550685033123938,-0.49042939261091834,0.0
2011-09-01,3.0,2139.18,,0.0,-0.04543933315781745,,2303.444,False,True,0.0,0.0,-0.0,9.08929898644126,16.092529902956436,1.0,-0.07550685033123938,-0.5135839412075023,0.0
2011-10-01,3.3333333333333335,2360.08,,0.0,0.10326386746323357,,2317.666,True,True,1.0,0.0,0.0,9.08929898644126,17.754306778003453,1.0,-0.07550685033123938,-0.4633547377803653,0.0
2011-11-01,3.6666666666666665,2295.2,,0.0,-0.027490593539202135,,2318.995,False,True,0.0,1.0,-0.027490593539202135,8.839428762448723,17.26623034679906,1.0,-0.10092171573856001,-0.4781074345587838,0.0
2011-12-01,4.0,2277.83,,0.0,-0.0075679679330776795,,2311.679,False,True,0.0,0.0,-0.0,8.839428762448723,17.13556006920935,1.0,-0.10092171573856001,-0.48205710075855457,0.0
2012-01-01,4.0,2467.95,,0.0,0.08346540347611531,,2324.575,True,True,1.0,0.0,0.0,8.839428762448723,18.56578650417512,1.0,-0.10092171573856001,-0.43882678769577843,0.0
2012-02-01,4.0,2623.1,,0.0,0.06286594136834212,,2346.477,True,True,1.0,1.0,0.06286594136834212,9.39512777275846,19.732942150003748,1.0,-0.04440031303463077,-0.4035481054335771,0.0
2012-03-01,3.6666666666666665,2755.27,,0.0,0.05038694674240407,,2384.75,True,True,1.0,1.0,0.05038694674240407,9.868519575482523,20.727224855186925,1.0,0.0,-0.3734947155876528,0.0
2012-04-01,3.0,2723.68,,0.0,-0.011465301041277298,,2424.611,True,True,1.0,1.0,-0.011465301041277298,9.755374027717878,20.489580982471963,1.0,-0.011465301041277298,-0.3806777872773913,0.0
2012-05-01,2.3333333333333335,2524.87,,0.0,-0.0729931563179228,,2440.817,True,True,1.0,1.0,-0.0729931563179228,9.043298486372862,18.99398179492965,1.0,-0.08362156884806216,-0.4258840703618145,0.0
2012-06-01,2.0,2615.72,,0.0,0.035982050561018886,,2478.288,True,True,1.0,1.0,0.035982050561018886,9.368694909747916,19.67742420822988,1.0,-0.05064839380532604,-0.40522620195368697,0.0
2012-07-01,2.0,2642.53,,0.0,0.010249567996574616,,2528.623,True,True,1.0,1.0,0.010249567996574616,9.464719985264539,19.879109305649575,1.0,-0.04091794996497644,-0.3991300274680304,0.0
2012-08-01,3.0,2772.24,,0.0,0.049085535452766615,,2569.839,True,True,1.0,1.0,0.049085535452766615,9.92930083365175,20.85488603024146,1.0,0.0,-0.3696360031288095,0.0
2012-09-01,3.6666666666666665,2799.19,,0.0,0.009721380544253089,,2620.2380000000003,True,True,1.0,1.0,0.009721380544253089,10.025827345594047,21.057624313548466,1.0,0.0,-0.36350799483382823,0.0
2012-10-01,4.666666666666667,2647.92,,0.0,-0.05404063318317087,,2657.2470000000003,False,True,0.0,1.0,-0.05404063318317087,9.484025287652996,19.919656962310974,1.0,-0.05404063318317087,-0.3979044258090342,0.0
2012-11-01,4.0,2677.88,,0.0,0.011314541224810348,,2678.24,False,True,0.0,0.0,0.0,9.484025287652996,20.145038742195123,1.0,-0.05404063318317087,-0.3910919906135747,0.0
2012-12-01,3.6666666666666665,2660.93,,0.0,-0.006329633889494812,,2682.023,False,True,0.0,0.0,-0.0,9.484025287652996,20.01752802226734,1.0,-0.05404063318317087,-0.3949461553853718,0.0
2013-01-01,3.3333333333333335,2731.53,,0.0,0.02653207713092809,,2679.649,True,True,1.0,0.0,0.0,9.484025287652996,20.54863461972465,1.0,-0.05404063318317087,-0.378892820111692,0.0
2013-02-01,3.3333333333333335,2738.58,,0.0,0.0025809711041064887,,2681.139,True,True,1.0,1.0,0.0025809711041064887,9.508503282871043,20.601670051907,1.0,-0.05159913939175775,-0.3772897604278471,0.0
2013-03-01,3.3333333333333335,2818.69,,0.0,0.029252386273178166,,2710.5209999999997,True,True,1.0,1.0,0.029252386273178166,9.786649693781369,21.20431806213795,1.0,-0.02385615107543093,-0.3590739999636192,0.0
2013-04-01,3.0,2887.44,,0.0,0.024390763084979117,,2737.693,True,True,1.0,1.0,0.024390763084979117,10.025353547858074,21.7215075603701,1.0,-4.725771945202073e-05,-0.3434413257417286,0.0
2013-05-01,3.6666666666666665,2981.76,,0.0,0.03266561383093691,,2771.616,True,True,1.0,1.0,0.03266561383093691,10.35283787537102,22.431053938162925,1.0,0.0,-0.32199443363105595,0.0
2013-06-01,4.666666666666667,2909.6,,0.0,-0.024200472204335743,,2785.352,True,True,1.0,1.0,-0.024200472204335743,10.102294310132109,21.888211840818457,1.0,-0.024200472204335743,-0.3384024884943526,0.0
2013-07-01,5.666666666666667,3090.19,,0.0,0.062066950783612906,,2814.452,True,True,1.0,1.0,0.062066950783612906,10.729312913880651,23.24674640788383,1.0,0.0,-0.29733914830917074,0.0
2013-08-01,5.333333333333333,3073.81,,0.0,-0.005300644944162047,,2857.041,True,True,1.0,1.0,-0.005300644944162047,10.672440635629357,23.123523659068663,1.0,-0.005300644944162047,-0.30106370400014637,0.0
2013-09-01,4.666666666666667,3218.2,,0.0,0.04697427622396955,,2911.073,True,True,1.0,1.0,0.04697427622396955,11.173770810031328,24.20973444670125,1.0,0.0,-0.268231677368891,0.0
2013-10-01,4.0,3377.73,,0.0,0.04957118886333989,,2982.7529999999997,True,True,1.0,1.0,0.04957118886333989,11.727667913171066,25.409839765289984,1.0,0.0,-0.23195705164353486,0.0
2013-11-01,4.333333333333333,3487.82,,0.0,0.03259289522845221,,3058.3820000000005,True,True,1.0,1.0,0.03259289522845221,12.10990656473913,26.23802001053184,1.0,0.0,-0.20692430829680108,0.0
2013-12-01,4.666666666666667,3592.0,,0.0,0.02986966070496755,,3143.724,True,True,1.0,1.0,0.02986966070496755,12.471625364996747,27.021740765816578,1.0,0.0,-0.183235406472269,0.0
2014-01-01,4.666666666666667,3521.92,,0.0,-0.019510022271714944,,3214.047,True,True,1.0,1.0,-0.019510022271714944,12.228303676361175,26.49454600165499,1.0,-0.019510022271714944,-0.1991705018827432,0.0
2014-02-01,4.666666666666667,3696.1,,0.0,0.04945597855715067,,3294.9129999999996,True,True,1.0,1.0,0.04945597855715067,12.83306640076962,27.804859700594278,1.0,0.0,-0.15956469539592244,0.0
2014-03-01,5.0,3595.74,,0.0,-0.02715294499607701,,3356.311,True,True,1.0,1.0,-0.02715294499607701,12.48461085465852,27.049875874520403,1.0,-0.0271529449960769,-0.1823849889945982,0.0
2014-04-01,5.666666666666667,3582.02,,0.0,-0.0038156262688625597,,3423.553,True,True,1.0,1.0,-0.0038156262688625597,12.436974245524958,26.946663657564113,1.0,-0.03086496577473552,-0.18550470230840677,0.0
2014-05-01,6.0,3736.82,,0.0,0.043215839107542786,,3488.2160000000003,True,False,0.0,1.0,0.043215839107542786,12.974448523504218,28.111186338674475,1.0,0.0,-0.1503056045695167,0.0
2014-06-01,6.333333333333333,3849.48,,0.0,0.030148629048228237,,3565.7830000000004,True,False,0.0,0.0,0.0,12.974448523504218,28.958700067704793,1.0,0.0,-0.12468848343732453,0.0
2014-07-01,6.0,3892.5,,0.0,0.011175535396988678,,3633.2130000000006,True,False,0.0,0.0,0.0,12.974448523504218,29.282329045362207,1.0,0.0,-0.11490640860058643,0.0
2014-08-01,5.666666666666667,4082.56,,0.0,0.04882723185613358,,3703.696,True,True,1.0,0.0,0.0,12.974448523504218,30.712104114947703,1.0,0.0,-0.07168973859894934,0.0
2014-09-01,5.0,4049.44,,0.0,-0.00811255682708889,,3759.858,True,True,1.0,1.0,-0.00811255682708889,12.86919257255715,30.462950425035718,1.0,-0.008112556827089001,-0.07922070834773509,0.0
2014-10-01,5.0,4158.21,,0.0,0.026860504168477517,,3816.4790000000003,True,True,1.0,1.0,0.026860504168477517,13.214865573297262,31.281200631911513,1.0,0.0,-0.05448811234606166,0.0
2014-11-01,4.666666666666667,4337.78,,0.0,0.04318444715394354,,3898.065,True,True,1.0,1.0,0.04318444715394354,13.785542237293786,32.6320619875122,1.0,0.0,-0.013656704200244785,0.0
2014-12-01,4.0,4236.28,,0.0,-0.023399065881626102,,3952.083,True,True,1.0,1.0,-0.023399065881626102,13.462973426269409,31.8685022192131,1.0,-0.023399065881626102,-0.03673621596056342,0.0
2015-01-01,3.3333333333333335,4148.43,,0.0,-0.02073753387405919,,4007.352,True,True,1.0,1.0,-0.02073753387405919,13.183784558796589,31.207628074926635,1.0,-0.04365136083434373,-0.056711931311735686,0.0
2015-02-01,3.0,4440.67,,0.0,0.07044592773651703,,4093.2169999999996,True,True,1.0,1.0,0.07044592773651703,14.112528493119383,33.40607838712102,1.0,0.0,0.0,0.0
2015-03-01,2.6666666666666665,4333.69,,0.0,-0.024090959247140775,,4152.904,True,True,1.0,1.0,-0.024090959247140775,13.77254414431753,32.6012939140901,1.0,-0.024090959247140775,-0.024090959247140664,0.0
2015-04-01,2.6666666666666665,4414.25,,0.0,0.018589239193389506,,4209.380999999999,True,True,1.0,1.0,0.018589239193389506,14.028565261717764,33.20732716467312,1.0,-0.00594955265759467,-0.005949552657594448,0.0
2015-05-01,2.6666666666666665,4508.25,,0.0,0.021294670668856597,,4270.956,True,True,1.0,1.0,0.021294670668856597,14.327298938922606,33.914466260437806,1.0,0.0,0.0,0.0
2015-06-01,3.0,4396.76,,0.0,-0.024730216824710216,,4302.376,True,True,1.0,1.0,-0.024730216824710216,13.97298172965061,33.07575415632286,1.0,-0.024730216824710216,-0.024730216824710216,0.0
2015-07-01,3.0,4588.91,,0.0,0.04370263557710663,,4356.322999999999,True,True,1.0,1.0,0.04370263557710663,14.5836378581071,34.52125178665461,1.0,0.0,0.0,0.0
2015-08-01,3.0,4274.58,,0.0,-0.06849774783118434,,4367.96,False,True,0.0,1.0,-0.06849774783118434,13.584691509641166,32.15662378695552,1.0,-0.06849774783118434,-0.06849774783118434,0.0
2015-09-01,3.0,4181.06,,0.0,-0.021878172826336084,,4352.288,False,True,0.0,0.0,-0.0,13.584691509641166,31.45309561423304,1.0,-0.06849774783118434,-0.08887731509225494,0.0
2015-10-01,3.0,4648.83,,0.0,0.11187832750546489,,4393.543,True,True,1.0,0.0,0.0,13.584691509641166,34.97201534642291,1.0,-0.06849774783118434,0.0,0.0
2015-11-01,3.0,4664.51,,0.0,0.003372891673819156,,4445.151,True,True,1.0,1.0,0.003372891673819156,13.630511202525437,35.089972165801534,1.0,-0.06535589164070033,0.0,0.0
2015-12-01,3.6666666666666665,4593.27,,0.0,-0.01527277248842851,,4460.411,True,True,1.0,1.0,-0.01527277248842851,13.42233550602829,34.554051004287956,1.0,-0.079630498465322,-0.01527277248842851,0.0
2016-01-01,4.666666666666667,4279.17,,0.0,-0.06838265549379863,,4454.959,False,True,0.0,1.0,-0.06838265549379863,12.504480561197376,32.19115323854658,1.0,-0.14256780901576716,-0.08261103524271585,0.0
2016-02-01,5.333333333333333,4201.12,,0.0,-0.018239518411280686,,4433.646,False,True,0.0,0.0,-0.0,12.504480561197376,31.604002106371755,1.0,-0.14256780901576716,-0.09934376815571211,0.0
2016-03-01,5.333333333333333,4483.66,,0.0,0.06725349430628014,,4431.187,True,True,1.0,0.0,0.0,12.504480561197376,33.72948168208829,1.0,-0.14256780901576716,-0.038771489395456604,0.0
2016-04-01,4.666666666666667,4341.3,,0.0,-0.03175084640673009,,4425.641,False,True,0.0,1.0,-0.03175084640673009,12.107452719502856,32.65854208982169,1.0,-0.16979200681589357,-0.06929130819743146,0.0
2016-05-01,4.0,4523.89,,0.0,0.04205883030428681,,4419.139,True,True,1.0,0.0,0.0,12.107452719502856,34.0321221695629,1.0,-0.16979200681589357,-0.030146789266182528,0.0
2016-06-01,3.0,4417.7,,0.0,-0.023473161372182028,,4433.451,False,True,0.0,1.0,-0.023473161372182028,11.823252528011901,33.23328067403894,1.0,-0.1892796130123795,-0.05291231018906639,0.0
2016-07-01,2.3333333333333335,4730.23,,0.0,0.07074495778346201,,4488.368,True,True,1.0,0.0,0.0,11.823252528011901,35.584367712329765,1.0,-0.1892796130123795,0.0,0.0
2016-08-01,2.6666666666666665,4771.05,,0.0,0.008629601520433683,,4500.59,True,True,1.0,1.0,0.008629601520433683,11.925282486004104,35.89144662604376,1.0,-0.18228341912818458,0.0,0.0
2016-09-01,3.3333333333333335,4875.7,,0.0,0.02193437503274942,,4521.709,True,True,1.0,1.0,0.02193437503274942,12.186856104423596,36.67870307680731,1.0,-0.16434731697284455,0.0,0.0
2016-10-01,4.0,4801.27,2126.15,0.0,-0.015265500338412785,,4542.509,True,True,1.0,1.0,-0.015265500338412785,12.00081764843733,36.11878432257576,1.0,-0.17710397328839111,-0.015265500338412896,0.0
2016-11-01,4.333333333333333,4810.81,2198.81,0.0,0.0019869742797218315,0.03417444676998316,4595.673,True,True,1.0,1.0,0.0019869742797218315,12.024662964440408,36.19055141803954,1.0341744467699832,-0.17546890004842985,-0.013308858215230535,0.0
2016-12-01,4.666666666666667,4863.62,2238.83,0.0,0.010977361400678731,0.018200754044233047,4661.923000000001,True,True,1.0,1.0,0.010977361400678731,12.156662035522427,36.587828180245204,1.0529972015144744,-0.16641772417816225,-0.0024775929610109104,0.0
2017-01-01,5.0,5116.77,2278.87,0.0,0.05204970783079288,0.017884341374735824,4725.2339999999995,True,True,1.0,1.0,0.05204970783079288,12.789412742669061,38.492213947190216,1.0718293629330007,-0.12303001026870819,0.0,0.0
2017-02-01,5.0,5330.31,2363.64,0.0,0.04173335913085796,0.037198260541408734,4824.135,True,True,1.0,1.0,0.04173335913085796,13.32315789773164,40.098623335590126,1.1116995508313146,-0.08643110674026744,0.0,0.0
2017-03-01,5.0,5436.23,2362.72,0.0,0.019871264523076304,-0.00038923017041514463,4915.369000000001,True,True,1.0,1.0,0.019871264523076304,13.58790589260018,40.89543368690284,1.111266843825694,-0.06827733760224919,0.0,-0.00038923017041514463
2017-04-01,5.333333333333333,5583.53,2384.2,0.0,0.027095983797595036,0.00909121690255299,5031.951999999999,True,True,1.0,1.0,0.027095983797595036,13.956083570509321,42.00353569547878,1.1213696117395289,-0.043031395438067555,0.0,0.0
2017-05-01,5.666666666666667,5788.8,2411.8,0.0,0.03676348116693218,0.011576210049492719,5137.809,True,True,1.0,1.0,0.03676348116693218,14.469157786017872,43.54773188896408,1.1343508219081437,-0.007849898166909508,0.0,0.0
2017-06-01,5.333333333333333,5646.92,2423.41,0.0,-0.024509397457158633,0.004813831992702466,5225.396,True,True,1.0,1.0,-0.024509397457158633,14.114527446970019,42.48040321973968,1.1398113961855936,-0.03216689934989714,-0.024509397457158633,0.0
2017-07-01,5.0,5880.33,2470.3,0.0,0.04133403696174187,0.019348768883515444,5325.859,True,True,1.0,1.0,0.04133403696174187,14.697937846160597,44.2362897765741,1.1618653434611856,0.0,0.0,0.0
2017-08-01,4.666666666666667,5988.6,2471.65,0.0,0.018412231966573378,0.0005464923288669432,5444.592,True,True,1.0,1.0,0.018412231966573378,14.968559687214384,45.05077860528094,1.1625002939585636,0.0,0.0,0.0
2017-09-01,5.0,5979.3,2519.36,0.0,-0.0015529506061516818,0.019302894827342154,5561.441000000001,True,True,1.0,1.0,-0.0015529506061516818,14.945314253374907,44.980816971338264,1.1849399148696,-0.0015529506061516818,-0.0015529506061516818,0.0
2017-10-01,5.333333333333333,6248.56,2575.26,0.0,0.045032027160369914,0.022188174774546043,5699.9349999999995,True,True,1.0,1.0,0.045032027160369914,15.61833205075315,47.0063943428872,1.2112315687980624,0.0,0.0,0.0
2017-11-01,5.666666666666667,6365.56,2647.58,0.0,0.0187243140819644,0.028082601368405458,5824.814,True,True,1.0,1.0,0.0187243140819644,15.910774605507862,47.88655683442409,1.2452461021094468,0.0,0.0,0.0
2017-12-01,5.666666666666667,6396.42,2673.61,0.0,0.004847963101439534,0.009831619818853499,5931.425,True,True,1.0,1.0,0.004847963101439534,15.987909453710685,48.11870909501236,1.257488888366296,0.0,0.0,0.0
2018-01-01,5.333333333333333,6949.99,2823.81,0.0,0.08654372289499435,0.056178724645703726,6082.801,True,True,1.0,1.0,0.08654372289499435,17.37156265914288,52.283081320995954,1.3281330103708582,0.0,0.0,0.0
2018-02-01,5.0,6854.42,2713.83,0.0,-0.013751098922444416,-0.038947379604151844,6209.89,True,True,1.0,1.0,-0.013751098922444416,17.132684582579568,51.564131497780735,1.2764057098511394,-0.013751098922444305,-0.013751098922444416,-0.038947379604151844
2018-03-01,5.0,6581.13,2640.87,0.0,-0.039870623626798496,-0.026884513768364315,6289.1230000000005,True,True,1.0,1.0,-0.039870623626798496,16.449593763870883,49.50823741818997,1.2420901629706276,-0.05307345765965121,-0.053073457659651324,-0.06478481200930664
2018-04-01,5.333333333333333,6605.57,2648.05,0.0,0.0037136479601527217,0.002718801001185378,6384.988,True,True,1.0,1.0,0.0037136479601527217,16.51068176419742,49.69209358308879,1.2454671589492747,-0.04955690583727468,-0.04955690583727457,-0.06224214801987371
2018-05-01,5.666666666666667,6967.73,2705.27,0.0,0.054826457065779266,0.02160835331659139,6493.728,True,True,1.0,1.0,0.054826457065779266,17.415903949068937,52.41653501843069,1.272379653364062,0.0,0.0,-0.04197874502887944
2018-06-01,6.0,7040.8,2718.37,0.0,0.010486916111847044,0.004842400204046138,6598.947999999999,True,False,0.0,1.0,0.010486916111847044,17.598543072794808,52.96622282404267,1.2785410248571363,0.0,0.0,-0.03733962270832658
2018-07-01,6.0,7231.98,2816.29,0.0,0.027153164413134867,0.03602158646541875,6724.216,True,False,0.0,0.0,0.0,17.598543072794808,54.404423380726634,1.3245961009336127,0.0,0.0,-0.0026630686908819534
2018-08-01,6.0,7654.55,2901.52,0.0,0.058430747872643574,0.030263218631604083,6864.815,True,False,0.0,0.0,0.0,17.598543072794808,57.58331452644243,1.364682642334737,0.0,0.0,0.0
2018-09-01,6.0,7627.65,2913.98,0.0,-0.0035142496946261037,0.0042943009181395375,6991.024,True,False,0.0,0.0,-0.0,17.598543072794808,57.38095238095232,1.370543000258684,0.0,-0.0035142496946261037,0.0
2018-10-01,6.0,6967.1,2711.74,0.0,-0.08659941135212013,-0.06940335897981464,7048.092,False,False,0.0,0.0,-0.0,17.598543072794808,52.41179568193782,1.2754227124144584,0.0,-0.08980932909184713,-0.06940335897981464
2018-11-01,5.666666666666667,6949.01,2760.17,0.0,-0.00259648921358957,0.01785938179914015,7047.994000000001,False,True,0.0,0.0,-0.0,17.598543072794808,52.275709019784806,1.2982009735907631,0.0,-0.09217262935116999,-0.052783478266837824
2018-12-01,5.0,6329.96,2506.85,0.0,-0.08908463219940688,-0.09177695576721734,6995.548,False,True,0.0,0.0,-0.0,17.598543072794808,47.61874670879406,1.1790560402605652,0.0,-0.1730460967659756,-0.13971612708391967
2019-01-01,3.6666666666666665,6906.84,2704.1,0.0,0.09113485709230384,0.07868440473103688,7028.119000000001,False,True,0.0,0.0,0.0,17.598543072794808,51.958474385014625,1.2718293629330013,0.0,-0.09768177097281994,-0.07202520264380685
2019-02-01,2.6666666666666665,7097.53,2784.49,0.0,0.027608863098030234,0.02972893014311606,7077.315,True,True,1.0,0.0,0.0,17.598543072794808,53.392988791093,1.3096394892176002,0.0,-0.07276979051675148,-0.04443750471863239
2019-03-01,1.6666666666666667,7378.77,2834.4,0.0,0.039625052659164606,0.01792428775107835,7118.419,True,True,1.0,1.0,0.039625052659164606,18.29588626877888,55.50868878357025,1.3331138442725117,0.0,-0.03602824463880949,-0.027309727589070687
2019-04-01,1.3333333333333333,7781.46,2945.83,0.0,0.054574136339796464,0.03931343494213935,7192.485000000001,True,True,1.0,1.0,0.054574136339796464,19.29436846046863,58.538027533288144,1.3855231286597844,0.0,0.0,0.0
2019-05-01,1.0,7127.96,2752.06,0.0,-0.0839816692497295,-0.06577772648116154,7182.0830000000005,False,True,0.0,1.0,-0.0839816692497295,17.67399519003914,53.62190626645598,1.2943865672694779,-0.0839816692497295,-0.0839816692497295,-0.06577772648116165
2019-06-01,1.0,7671.07,2941.76,0.0,0.0761943108547185,0.06893018320821498,7183.735000000001,True,True,1.0,0.0,0.0,17.67399519003914,57.7075904611449,1.3836088704936154,-0.0839816692497295,-0.014186283807923084,-0.0013816140103130037
2019-07-01,1.0,7848.78,2980.38,0.0,0.02316625972647879,0.013128195366039375,7205.848,True,True,1.0,1.0,0.02316625972647879,18.083435553016123,59.044459489957056,1.4017731580556405,-0.06276095068535315,0.0,0.0
2019-08-01,1.0,7691.0,2926.46,0.0,-0.02010248726553676,-0.01809165274226776,7278.238,True,True,1.0,1.0,-0.02010248726553676,17.71991352009446,57.85751899495969,1.3764127648566657,-0.08160178673896468,-0.02010248726553676,-0.018091652742267872
2019-09-01,1.0,7749.45,2976.74,0.0,0.007599791964634006,0.017181167690656807,7358.282000000001,True,True,1.0,1.0,0.007599791964634006,17.854581176478487,58.297224102911244,1.4000611433812287,-0.07462215137748918,-0.012655470022092552,-0.0012213207711770924
2019-10-01,1.0,8083.83,3037.56,0.0,0.043148868629386605,0.020431747482144935,7533.669,True,True,1.0,1.0,0.043148868629386605,18.624986154095076,60.81268336718567,1.4286668391223571,-0.034693144154732014,0.0,0.0
2019-11-01,1.3333333333333333,8403.68,3140.98,0.0,0.039566641059992635,0.03404706409091518,7683.353,True,True,1.0,1.0,0.039566641059992635,19.361914296001487,63.21883698187009,1.4773087505585212,0.0,0.0,0.0
2019-12-01,1.6666666666666667,8733.07,3230.78,0.0,0.039195923690573675,0.028589803182446305,7846.907000000001,True,True,1.0,1.0,0.039195923690573675,20.120822411250987,65.69675769201828,1.519544716976695,0.0,0.0,0.0
2020-01-01,2.0,8991.51,3225.52,0.0,0.029593258728030314,-0.001628089811129274,8008.181,True,True,1.0,1.0,0.029593258728030314,20.716263114687887,67.6409388399909,1.5170707617054298,0.0,0.0,-0.001628089811129274
2020-02-01,1.6666666666666667,8461.83,2954.22,0.0,-0.05890890406616911,-0.08411046900964814,8076.218000000001,True,True,1.0,1.0,-0.05890890406616911,19.49589075825522,63.65628526292026,1.3894692284175618,-0.05890890406616911,-0.05890890406616911,-0.08560161942317357
2020-03-01,1.0,7813.5,2584.59,1.0,-0.07661817833731,-0.12511932083595656,8144.772,False,True,0.0,1.0,-0.07661817833731,18.00215112329451,58.77905664635515,1.215619782235496,-0.13101358948608177,-0.131013589486082,-0.20001052377444462
2020-04-01,0.3333333333333333,9000.51,2912.43,1.0,0.15191783451718188,0.12684410293315374,8277.715999999999,True,True,1.0,0.0,0.0,18.00215112329451,67.70864364703219,1.369813983020953,-0.13101358948608177,0.0,-0.09853657630665058
2020-05-01,0.0,9555.52,3044.31,0.0,0.061664283468381154,0.04528177501261843,8448.39,True,True,1.0,1.0,0.061664283468381154,19.11224087320198,71.88384864214238,1.4318415916092466,-0.07742816513798045,0.0,-0.05771671237286358
2020-06-01,0.0,10156.85,3100.29,0.0,0.06293011787950831,0.018388403283502663,8694.975,True,True,1.0,1.0,0.06293011787950831,20.31497644429414,76.40750771082513,1.4581708722338498,-0.019370610817799228,0.0,-0.040389627272671036
2020-07-01,0.0,10905.88,3271.12,0.0,0.07374628944997697,0.0551012969754443,9010.617999999999,True,True,1.0,1.0,0.07374628944997697,21.813130577324518,82.04227789061899,1.53851797850575,0.0,0.0,0.0
2020-08-01,0.0,12110.7,3500.31,0.0,0.11047434961690406,0.07006468732421922,9413.305,True,True,1.0,1.0,0.11047434961690406,24.222921990963048,91.10584518167443,1.646313759612445,0.0,0.0,0.0
2020-09-01,0.0,11418.06,3363.0,0.0,-0.05719240010899462,-0.0392279540954944,9714.743,True,True,1.0,1.0,-0.05719240010899462,22.837554944646925,85.89528323177598,1.5817322390235873,-0.05719240010899462,-0.05719240010899462,-0.0392279540954944
2020-10-01,0.0,11052.95,3269.96,0.0,-0.031976535418451024,-0.0276657746060065,9946.731,True,True,1.0,1.0,-0.031976535418451024,22.1072890600886,83.14864966523722,1.5379723914117067,-0.08734012071969421,-0.0873401207196941,-0.06580845696524018
2020-11-01,0.0,12268.32,3621.63,0.0,0.1099588797560831,0.10754565805086314,10274.412,True,True,1.0,1.0,0.1099588797560831,24.538181799579853,92.29158203565771,1.7033746443101383,0.0,0.0,0.0
2020-12-01,0.0,12888.28,3756.07,0.0,0.050533406366968014,0.03712140665943231,10717.057,True,True,1.0,1.0,0.050533406366968014,25.77817971196456,96.95539005491597,1.7666063071749407,0.0,0.0,0.0
2021-01-01,0.0,12925.38,3714.24,0.0,0.0028785842641529946,-0.011136640158463607,11228.244999999999,True,True,1.0,1.0,0.0028785842641529946,25.852384374441932,97.23448431505287,1.7469322484302612,0.0,0.0,-0.011136640158463607
2021-02-01,0.6666666666666666,12909.44,3811.15,0.0,-0.0012332326012851613,0.026091474971999817,11619.138,True,True,1.0,1.0,-0.0012332326012851613,25.820502371210416,97.11457157902639,1.7925122874679587,-0.0012332326012851613,-0.0012332326012851613,0.0
2021-03-01,1.6666666666666667,13091.44,3972.89,0.0,0.01409821030191849,0.04243863400810777,11972.73,True,True,1.0,1.0,0.01409821030191849,26.184525243740925,98.48371323252822,1.8685840603908475,0.0,0.0,0.0
2021-04-01,3.0,13860.76,4181.17,0.0,0.05876511674804297,0.05242531255584737,12343.121,True,True,1.0,1.0,0.05876511674804297,27.723261926681438,104.27112013841852,1.966545163793712,0.0,0.0,0.0
2021-05-01,3.6666666666666665,13686.51,4204.11,0.0,-0.012571460727983208,0.005486502581813157,12621.184000000001,True,True,1.0,1.0,-0.012571460727983208,27.37474002811857,102.96027984653557,1.9773346189121184,-0.012571460727983208,-0.012571460727983319,0.0
2021-06-01,4.666666666666667,14554.8,4297.5,0.0,0.06344130095985023,0.02221397632316946,12865.594000000001,True,True,1.0,1.0,0.06344130095985023,29.1114291489401,109.49221394719004,2.0212590833196153,0.0,0.0,0.0
2021-07-01,5.333333333333333,14959.9,4395.26,0.0,0.02783274246296763,0.02274810936591054,13219.778,True,True,1.0,1.0,0.02783274246296763,29.92168005917148,112.53968253968233,2.06723890600381,0.0,0.0,0.0
2021-08-01,6.0,15582.51,4522.68,0.0,0.04161859370717713,0.028990321391681118,13672.734,True,False,0.0,1.0,0.04161859370717713,31.16697830459028,117.22342586323607,2.1271688262822477,0.0,0.0,0.0
2021-09-01,6.0,14689.62,4307.54,0.0,-0.057300781453052174,-0.047569140421166334,13914.863999999998,True,False,0.0,0.0,-0.0,31.16697830459028,110.50643195666872,2.0259812336853,0.0,-0.057300781453052174,-0.047569140421166334
2021-10-01,6.0,15850.47,4605.38,0.0,0.0790251892152416,0.06914387330123462,14211.082999999999,True,False,0.0,0.0,0.0,31.16697830459028,119.23922365154569,2.166065423417915,0.0,0.0,0.0
2021-11-01,6.0,16135.92,4567.0,0.0,0.018008929703661858,-0.00833373141847149,14532.136999999999,True,False,0.0,0.0,0.0,31.16697830459028,121.38659444820559,2.1480140159443124,0.0,0.0,-0.00833373141847149
2021-12-01,6.333333333333333,16320.08,4766.18,0.0,0.011413046172762398,0.04361287497262989,14873.201000000001,True,False,0.0,0.0,0.0,31.16697830459028,122.77198525539734,2.241695082661148,0.0,0.0,0.0
2022-01-01,6.666666666666667,14930.05,4515.55,0.0,-0.08517298934809148,-0.05258508910699977,15057.062,False,False,0.0,0.0,-0.0,31.16697830459028,112.31512826299534,2.1238153469886885,0.0,-0.08517298934809148,-0.05258508910699977
2022-02-01,7.0,14237.81,4373.94,0.0,-0.04636555135448306,-0.03136052086678265,15094.766999999998,False,False,0.0,0.0,-0.0,31.16697830459028,107.10757541563208,2.0572113914822565,0.0,-0.12758944809094075,-0.08229651418956074
2022-03-01,7.0,14838.49,4530.41,0.0,0.04218907261720739,0.03577323877328009,15209.965000000002,False,False,0.0,0.0,0.0,31.16697830459028,111.6263446926952,2.130804505796863,0.0,-0.09078325596443149,-0.04946728826859248
2022-04-01,7.0,12854.8,4131.93,0.0,-0.13368543564742774,-0.08795671914903935,15039.965,False,False,0.0,0.0,-0.0,31.16697830459028,96.7035281727223,1.9433859323189806,0.0,-0.2123322924887623,-0.13307302703632673
2022-05-01,7.0,12642.1,4132.15,0.0,-0.016546348445716674,5.324388360872234e-05,14808.185000000001,False,False,0.0,0.0,-0.0,31.16697830459028,95.10343789964625,1.9434894057333678,0.0,-0.22536531683668215,-0.1330268684774809
2022-06-01,7.0,11503.72,3785.38,0.0,-0.0900467485623434,-0.08391999322386645,14400.306,False,False,0.0,0.0,-0.0,31.16697830459028,86.53968253968236,1.7803917879735673,0.0,-0.29511865137916005,-0.20578324780012502
2022-07-01,7.0,12947.97,4130.29,0.0,0.12554634500839734,0.09111634763220589,14226.141,False,False,0.0,0.0,0.0,31.16697830459028,97.4044233807265,1.9426145850480916,0.0,-0.2066233743952236,-0.1334171181113597
2022-08-01,7.0,12272.03,3955.0,0.0,-0.05220432237640327,-0.04244011921681046,13868.297,False,False,0.0,0.0,-0.0,31.16697830459028,92.31949146167138,1.860169790466336,0.0,-0.2480410635241984,-0.1701949989299607
2022-09-01,7.0,10971.22,3585.62,0.0,-0.10599794817972263,-0.09339570164348932,13351.827,False,False,0.0,0.0,-0.0,31.16697830459028,82.53381478973878,1.68643792770971,0.0,-0.32774716790603986,-0.2476952192321734
2022-10-01,7.0,11405.57,3871.98,0.0,0.03958994532968996,0.07986345457689326,12860.376,False,False,0.0,0.0,0.0,31.16697830459028,85.8013240051153,1.8211226865461043,0.0,-0.3011327150357106,-0.1876135605453425
2022-11-01,7.0,12030.06,4080.11,0.0,0.05475307240234373,0.053752860293699856,12570.377,False,False,0.0,0.0,0.0,31.16697830459028,90.49921011058433,1.9190132398937043,0.0,-0.2628675839824316,-0.1439454657608401
2022-12-01,6.666666666666667,10939.76,3839.5,0.0,-0.09063130192201863,-0.058971449299161094,12240.572,False,False,0.0,0.0,-0.0,31.16697830459028,82.29714887534776,1.8058462479128938,0.0,-0.3296748545350269,-0.19442824232404166
2023-01-01,6.0,12101.93,4076.6,0.0,0.10623359196179805,0.06175283240005203,11966.916000000001,True,False,0.0,0.0,0.0,31.16697830459028,91.0398706085908,1.9173623686005217,0.0,-0.2584638065499679,-0.14468190458606278
2023-02-01,5.333333333333333,12042.12,3970.15,0.0,-0.004942186907377577,-0.026112446646715304,11885.648,True,True,1.0,0.0,-0.0,31.16697830459028,90.58993455201967,1.8672953460480208,0.0,-0.2621286170165834,-0.16701635271852944
2023-03-01,4.666666666666667,13181.35,4109.31,0.0,0.0946037740862904,0.03505157235872702,11939.573,True,True,1.0,1.0,0.0946037740862904,34.11549207907005,99.16008425487077,1.9327469839851372,0.0,-0.19232319939608156,-0.13781896613220668
2023-04-01,4.333333333333333,13245.99,4169.48,0.0,0.004903898310870902,0.01464236088297044,12113.8,True,True,1.0,1.0,0.004903898310870902,34.282790983051136,99.64635522455404,1.9610469628201204,0.0,-0.1883624344978705,-0.12519460028786178
2023-05-01,4.0,14254.09,4179.83,0.0,0.07610605171829365,0.002482323934879238,12244.412,True,True,1.0,1.0,0.07610605171829365,36.891918846654676,107.23004588881341,1.965914916633351,0.0,-0.12659190396125541,-0.12302304990579482
2023-06-01,4.0,15179.21,4450.38,0.0,0.0649020737205952,0.0647275128414313,12535.130000000001,True,True,1.0,1.0,0.0649020737205952,39.28628088333447,114.18949823215198,2.0931636996448977,0.0,-0.06990590732398427,-0.06625851310693276
2023-07-01,4.0,15757.0,4588.96,0.0,0.038064563307313115,0.031138913980379268,13013.708,True,True,1.0,1.0,0.038064563307313115,40.78169600912704,118.53607161664004,2.1583425440349924,0.0,-0.034502281851560124,-0.037182817266658175
2023-08-01,4.0,15501.07,4507.66,0.0,-0.016242305007298397,-0.01771643248143373,13423.257999999998,True,True,1.0,1.0,-0.016242305007298397,40.11930726383187,116.61077258707562,2.1201044140817906,-0.016242305007298508,-0.05018419027357757,-0.054240502876517716
2023-09-01,4.333333333333333,14715.24,4288.05,0.0,-0.05069521007259503,-0.04871929116215501,13691.776000000002,True,True,1.0,1.0,-0.05069521007259503,38.085450554124925,110.69916497404621,2.0168144298379698,-0.06611410801548534,-0.09833530227793053,-0.10031723518624991
2023-10-01,4.0,14409.78,4193.8,0.0,-0.020758071224118657,-0.021979687736850106,14038.778,True,True,1.0,1.0,-0.020758071224118657,37.29487005891975,108.4012638230645,1.9724854784469579,-0.08549977787649954,-0.11705212229351869,-0.12009198141908206
2023-11-01,3.3333333333333335,15947.87,4567.8,0.0,0.10673931177297646,0.08917926462873771,14423.372,True,True,1.0,1.0,0.10673931177297646,41.275698821671426,119.97194011885925,2.1483902829057215,0.0,-0.02280687349571875,-0.041622431381106106
2023-12-01,1.6666666666666667,16825.93,4769.83,0.0,0.055058136290300874,0.04422916940321375,14901.753,True,True,1.0,1.0,0.055058136290300874,43.54826187287242,126.57737154893522,2.243411800672577,0.0,0.0,0.0
2024-01-01,1.3333333333333333,17137.24,4845.65,0.0,0.018501800494831633,0.015895744712075555,15297.341999999999,True,True,1.0,1.0,0.018501800494831633,44.35398312594099,128.9192808244938,2.279072501940126,0.0,0.0,0.0
2024-02-01,1.3333333333333333,18043.85,5096.27,0.0,0.05290291785608403,0.05172061539731532,15777.128,True,True,1.0,1.0,0.05290291785608403,46.70043825184278,135.73948694801743,2.3969475342755686,0.0,0.0,0.0
2024-03-01,2.6666666666666665,18254.69,5254.35,0.0,0.011684867697304036,0.031018764704381807,16177.188,True,True,1.0,1.0,0.011684867697304036,47.24612669422168,137.32558489430494,2.4712978858500105,0.0,0.0,0.0
2024-04-01,3.3333333333333335,17440.69,5035.69,0.0,-0.044591280377809794,-0.04161504277408257,16403.336,True,True,1.0,1.0,-0.044591280377809794,45.13936141203412,131.20206123523627,2.3684547186228624,-0.04459128037780968,-0.044591280377809794,-0.04161504277408268
2024-05-01,4.0,18536.65,5277.51,0.0,0.06283925693306869,0.04802122449952262,16681.301,True,True,1.0,1.0,0.06283925693306869,47.97588534159958,139.4467012713455,2.4821908143828044,0.0,0.0,0.0
2024-06-01,3.6666666666666665,19682.87,5460.48,0.0,0.06183533702152211,0.034669759034089864,17099.481,True,True,1.0,1.0,0.06183533702152211,50.94249038060329,148.06943504099866,2.5682477717940877,0.0,0.0,0.0
2024-07-01,3.3333333333333335,19362.43,5522.3,0.0,-0.016280146137224838,0.011321349038912354,17564.2,True,True,1.0,1.0,-0.016280146137224838,50.1131391926129,145.65884300007488,2.5973238012369775,-0.016280146137224838,-0.016280146137224838,0.0
2024-08-01,2.0,19574.64,5648.4,0.0,0.010959884683895416,0.022834688445031892,18080.685999999998,True,True,1.0,1.0,0.010959884683895416,50.66237341931193,147.25524712254534,2.65663288102909,-0.005498689977630367,-0.005498689977630256,0.0
2024-09-01,1.0,20060.69,5762.48,0.0,0.024830597139972932,0.020196869910062976,18491.968,True,True,1.0,1.0,0.024830597139972932,51.92035040384174,150.91168284059242,2.7102885497260303,0.0,0.0,0.0
2024-10-01,0.0,19890.42,5705.45,0.0,-0.008487743941011039,-0.009896780552817508,18798.416999999998,True,True,1.0,1.0,-0.008487743941011039,51.47966376428636,149.6307831189344,2.6834654187145777,-0.008487743941011039,-0.008487743941011039,-0.009896780552817508
2024-11-01,0.0,20930.37,6032.38,0.0,0.05228396383786782,0.057301352215863854,19177.73,True,True,1.0,1.0,0.05228396383786782,54.1712246429239,157.4540735725566,2.837231615831432,0.0,0.0,0.0
2024-12-01,0.6666666666666666,21012.17,5881.63,0.0,0.003908196558398025,-0.024990136563014964,19474.561999999998,True,True,1.0,1.0,0.003908196558398025,54.382936436637586,158.06943504099863,2.766328810290901,0.0,0.0,-0.024990136563014964
2025-01-01,1.3333333333333333,21478.05,6040.53,0.0,0.022171912753418566,0.027016320305765618,19796.897999999997,True,True,1.0,1.0,0.022171912753418566,55.58871015858542,161.57413676370982,2.8410648355007875,0.0,0.0,0.0
2025-02-01,1.3333333333333333,20884.41,5954.5,0.0,-0.02763938067003291,-0.014242127760312417,20141.269999999997,True,True,1.0,1.0,-0.02763938067003291,54.05227263755615,157.10832769126569,2.8006020271382543,-0.02763938067003291,-0.02763938067003291,-0.014242127760312417
2025-03-01,1.0,19278.45,5611.85,0.0,-0.07689755181017799,-0.05754471408178685,20215.45,False,True,0.0,1.0,-0.07689755181017799,49.89578520195181,145.02708192281617,2.639442184229711,-0.10241153177313589,-0.10241153177313578,-0.07096728267221575
2025-04-01,0.3333333333333333,19571.02,5569.06,0.0,0.0151760125943734,-0.007624936518260461,20204.265,False,True,0.0,0.0,0.0,49.89578520195181,147.22801474460204,2.6193166051313406,-0.10241153177313589,-0.08878971787476064,-0.07805109816522715
2025-05-01,0.3333333333333333,21340.99,5911.69,0.0,0.0904383113399303,0.06152384783069298,20402.121,True,True,1.0,0.0,0.0,49.89578520195181,160.5430677800342,2.7804670413658483,-0.10241153177313589,-0.006381398683772521,-0.021329254221070126
2025-06-01,0.0,22679.01,6204.95,0.0,0.06269718508841415,0.04960679602617879,20712.557999999997,True,True,1.0,1.0,0.06269718508841415,53.02411048189034,170.60866621530081,2.9183971027443967,-0.04613526144749003,0.0,0.0
2025-07-01,0.3333333333333333,23218.12,6339.39,0.0,0.02377131982392533,0.021666572655702376,21028.301,True,True,1.0,1.0,0.02377131982392533,54.28456357053451,174.66425938463806,2.9816287656091993,-0.0234606376785933,0.0,0.0
2025-08-01,1.3333333333333333,23415.42,6460.26,0.0,0.00849767336890328,0.01906650324400294,21380.801,True,True,1.0,1.0,0.00849767336890328,54.745856060730375,176.14849921011012,3.0384780001410996,-0.015162325145708921,0.0,0.0
2025-09-01,2.3333333333333335,24679.99,6688.46,0.0,0.0540058645115058,0.03532365570425955,21755.763,True,True,1.0,1.0,0.0540058645115058,57.70245334571258,185.6615511923564,3.145808150883051,0.0,0.0,0.0
2025-10-01,2.6666666666666665,25858.13,6840.2,0.0,0.04773664819151069,0.022686836730727133,22240.359,True,True,1.0,1.0,0.04773664819151069,60.45697506086392,194.52441134431606,3.2171765867883253,0.0,0.0,0.0
2025-11-01,2.0,25434.89,6849.09,0.0,-0.016367772920934387,0.001299669600304032,22636.043,True,True,1.0,1.0,-0.016367772920934387,59.467429021581104,191.34047995185387,3.221357853396984,-0.016367772920934387,-0.016367772920934387,0.0
2025-12-01,1.3333333333333333,25249.85,6845.5,0.0,-0.007275046206215219,-0.0005241572238063874,23072.587,True,True,1.0,1.0,-0.007275046206215219,59.03480072768428,189.94846911908473,3.2196693554076607,-0.023523742822856963,-0.023523742822856963,-0.0005241572238062764
2026-01-01,1.0,25552.39,6939.03,0.0,0.011981853357544647,0.013662990285588927,23699.981,True,True,1.0,1.0,0.011981853357544647,59.742147052995264,192.22440382155972,3.263659666533404,-0.01182374750223636,-0.01182374750223636,0.0
2026-02-01,1.0,24960.04,6878.88,0.0,-0.0231817845610528,-0.008668358545790955,24238.883,True,True,1.0,1.0,-0.0231817845610528,58.35721747079799,187.7682991047915,3.235369094372456,-0.03473143649598798,-0.03473143649598798,-0.008668358545790955
2026-03-01,2.0,23740.19,6528.52,0.0,-0.048872117192119924,-0.0509327099760426,24478.802999999996,False,True,0.0,1.0,-0.048872117192119924,55.50517669955912,178.59166478597712,3.070582978623332,-0.08190615485342534,-0.08190615485342523,-0.059159565530052416
2026-04-01,4.0,27452.12,7209.01,0.0,0.1563563728849684,0.10423342503354505,24956.114,True,True,1.0,0.0,0.0,55.50517669955912,206.51560971940063,3.3906403593349466,-0.08190615485342534,0.0,0.0
2026-05-01,6.0,30333.18,7580.06,0.0,0.10494854313619495,0.05147031284462078,25667.620000000003,True,False,0.0,1.0,0.10494854313619495,61.330364130694925,228.18912209433475,3.5651576793735136,0.0,0.0,0.0
2026-06-01,6.666666666666667,30276.35,7499.36,0.0,-0.0018735259540872962,-0.010646353722793878,26353.713,True,False,0.0,0.0,-0.0,61.330364130694925,227.76160385165062,3.5272017496413683,0.0,-0.0018735259540872962,-0.010646353722793878
2026-07-01,5.666666666666667,28274.2,7489.72,0.0,-0.06612917343074698,-0.001285443024471311,26713.134000000002,True,True,1.0,0.0,-0.0,61.330364130694925,212.69991724967971,3.5226677327563887,0.0,-0.06787880466208951,-0.011918111466136194
2026-08-01,5.333333333333333,29456.97,7686.14,0.0,0.04183212964469374,0.0262252794496991,27073.018,True,True,1.0,1.0,0.04183212964469374,63.89594387416643,221.59760776348395,3.6150506784563627,0.0,-0.028886189974147047,0.0
2026-09-01,5.0,30276.81,7670.84,0.0,0.027831783106001762,-0.0019905960599209127,27557.21,True,True,1.0,1.0,0.027831783106001762,65.67428192542549,227.76506431956608,3.607854572819413,0.0,-0.0018583610422645558,-0.0019905960599209127
