,10y_trsy,2y_trsy,fed_deficit,real_m2,oil,cpi,real_wage,recessions,sp500,nasdaq100,yc_10y_2y,fed_deficit_ttm,real_m2_yoy,cpi_yoy,real_wage_rate
1980-01-01,11.13,11.75,,1900.9,32.5,78.0,6.57,0.0,,,-0.6199999999999992,,,,6.57
1980-02-01,12.72,14.73,,1891.6,37.0,79.0,6.63,1.0,,,-2.01,,,,6.63
1980-03-01,12.64,14.63,,1872.3,38.0,80.1,6.69,1.0,,,-1.9900000000000002,,,,6.69
1980-04-01,10.76,10.81,,1856.9,39.5,80.9,6.72,1.0,,,-0.05000000000000071,,,,6.72
1980-05-01,10.25,9.25,,1851.2,39.5,81.7,6.76,1.0,,,1.0,,,,6.76
1980-06-01,10.09,8.97,,1853.6,39.5,82.5,6.82,1.0,,,1.1199999999999992,,,,6.82
1980-07-01,10.76,9.72,,1871.1,39.5,82.6,6.86,1.0,,,1.0399999999999991,,,,6.86
1980-08-01,11.55,11.36,,1876.8,38.0,83.2,6.91,0.0,,,0.19000000000000128,,,,6.91
1980-09-01,11.86,12.13,,1876.0,36.0,83.9,6.95,0.0,,,-0.27000000000000135,,,,6.95
1980-10-01,12.46,13.08,-16921.0,1871.0,36.0,84.7,7.02,0.0,,,-0.6199999999999992,,,,7.02
1980-11-01,12.72,14.13,-8907.0,1864.1,36.0,85.6,7.09,0.0,,,-1.4100000000000001,,,,7.09
1980-12-01,12.43,13.06,-1965.0,1851.7,37.0,86.4,7.13,0.0,,,-0.6300000000000008,,,,7.13
1981-01-01,12.68,13.26,-12192.0,1842.9,38.0,87.2,7.18,0.0,,,-0.5800000000000001,,-0.030511862801830714,0.11794871794871797,7.18
1981-02-01,13.43,14.08,-15620.0,1839.3,38.0,88.0,7.23,0.0,,,-0.6500000000000004,,-0.027648551490801365,0.11392405063291133,7.23
1981-03-01,13.13,13.17,-9582.0,1847.1,38.0,88.6,7.29,0.0,,,-0.03999999999999915,,-0.013459381509373536,0.10611735330836458,7.29
1981-04-01,14.11,14.84,17190.0,1862.2,38.0,89.1,7.33,0.0,,,-0.7300000000000004,,0.002854219397921298,0.10135970333745359,7.33
1981-05-01,13.5,14.4,-16171.0,1855.4,38.0,89.7,7.37,0.0,,,-0.9000000000000004,,0.0022687986171132657,0.0979192166462668,7.37
1981-06-01,13.86,14.66,15363.0,1845.7,36.0,90.5,7.41,0.0,,,-0.8000000000000007,,-0.004261976694000746,0.09696969696969693,7.41
1981-07-01,14.67,15.84,-10343.0,1838.1,36.0,91.5,7.45,0.0,,,-1.17,,-0.01763668430335097,0.10774818401937059,7.45
1981-08-01,15.41,16.73,-5119.0,1837.6,36.0,92.2,7.52,1.0,,,-1.3200000000000003,,-0.020886615515771534,0.10817307692307687,7.52
1981-09-01,15.84,16.69,6335.0,1832.4,36.0,93.1,7.56,1.0,,,-0.8500000000000014,-57932.0,-0.02324093816631123,0.1096543504171632,7.56
1981-10-01,14.63,14.59,-18105.0,1843.4,35.0,93.4,7.59,1.0,,,0.040000000000000924,-59116.0,-0.014751469802244732,0.10271546635182993,7.59
1981-11-01,13.13,12.36,-10642.0,1850.7,36.0,93.8,7.63,1.0,,,0.7700000000000014,-60851.0,-0.007188455554959394,0.09579439252336464,7.63
1981-12-01,13.98,13.63,-19468.0,1865.6,35.0,94.1,7.64,1.0,,,0.34999999999999964,-78354.0,0.0075066155424743375,0.08912037037037024,7.64
1982-01-01,14.14,14.24,9339.0,1875.4,33.85,94.4,7.72,1.0,,,-0.09999999999999964,-56823.0,0.01763524879266365,0.08256880733944949,7.72
1982-02-01,14.03,14.44,-14780.0,1873.7,31.56,94.7,7.72,1.0,,,-0.41000000000000014,-55983.0,0.01870276735714671,0.07613636363636367,7.72
1982-03-01,14.18,14.52,-18255.0,1886.4,28.48,94.7,7.75,1.0,,,-0.33999999999999986,-64656.0,0.021276595744680993,0.06884875846501148,7.75
1982-04-01,13.87,13.99,9704.0,1898.9,33.45,95.0,7.77,1.0,,,-0.120000000000001,-72142.0,0.019707872408978755,0.06621773288439958,7.77
1982-05-01,13.71,13.62,-18930.0,1893.3,35.93,95.9,7.84,1.0,,,0.09000000000000163,-74901.0,0.02042686213215461,0.06911928651059096,7.84
1982-06-01,14.44,14.66,6724.0,1882.7,35.07,97.0,7.85,1.0,,,-0.22000000000000064,-83540.0,0.020046594787885397,0.07182320441988943,7.85
1982-07-01,13.68,13.17,-19831.0,1878.6,34.16,97.5,7.9,1.0,,,0.5099999999999998,-93028.0,0.02203362167455536,0.06557377049180335,7.9
1982-08-01,12.81,11.99,-14704.0,1888.5,33.95,97.7,7.94,1.0,,,0.8200000000000003,-102613.0,0.02769917283413159,0.05965292841648595,7.94
1982-09-01,11.73,11.23,-1708.0,1902.0,35.63,97.7,7.94,1.0,,,0.5,-110656.0,0.037982973149967236,0.04940923737916236,7.94
1982-10-01,10.71,9.85,-26169.0,1905.6,35.68,98.1,7.96,1.0,,,0.8600000000000012,-118720.0,0.0337419984810674,0.05032119914346889,7.96
1982-11-01,10.79,9.96,-24158.0,1921.8,34.15,98.0,7.98,1.0,,,0.8299999999999983,-132236.0,0.0384178959312691,0.044776119402985204,7.98
1982-12-01,10.36,9.48,-17938.0,1950.8,31.72,97.7,8.01,0.0,,,0.879999999999999,-130706.0,0.045668953687821645,0.03825717321997879,8.01
1983-01-01,10.8,9.58,-9582.0,2001.4,31.19,97.9,8.06,0.0,,,1.2200000000000006,-149627.0,0.06718566705769446,0.037076271186440746,8.06
1983-02-01,10.27,9.31,-25336.0,2037.4,28.95,98.0,8.09,0.0,,,0.9599999999999991,-160183.0,0.08736724128729256,0.03484688489968324,8.09
1983-03-01,10.62,9.87,-26036.0,2054.2,28.82,98.1,8.1,0.0,,,0.75,-167964.0,0.08895250212044092,0.035902851108764455,8.1
1983-04-01,10.27,9.35,-3308.0,2053.5,30.61,98.8,8.13,0.0,,,0.9199999999999999,-180976.0,0.08141555637474318,0.040000000000000036,8.13
1983-05-01,10.81,10.02,-29285.0,2060.1,30.0,99.2,8.17,0.0,,,0.7900000000000009,-191331.0,0.08810014260814447,0.0344108446298228,8.17
1983-06-01,10.96,10.23,3401.0,2066.2,31.0,99.4,8.19,0.0,,,0.7300000000000004,-194654.0,0.09746640463164602,0.024742268041237248,8.19
1983-07-01,11.76,11.03,-21412.0,2069.0,31.66,99.8,8.22,0.0,,,0.7300000000000004,-196235.0,0.1013520706909401,0.02358974358974364,8.22
1983-08-01,11.98,11.18,-17477.0,2071.8,31.91,100.1,8.2,0.0,,,0.8000000000000007,-199008.0,0.09706115965051643,0.02456499488229258,8.2
1983-09-01,11.44,10.53,1946.0,2074.7,31.11,100.4,8.27,0.0,,,0.9100000000000001,-195354.0,0.09079915878023126,0.02763561924257929,8.27
1983-10-01,11.74,10.61,-25069.0,2082.1,30.41,100.8,8.31,0.0,,,1.1300000000000008,-194254.0,0.09262174643157017,0.02752293577981657,8.31
1983-11-01,11.63,10.67,-21591.0,2088.9,29.84,101.1,8.31,0.0,,,0.9600000000000009,-191687.0,0.08694973462379019,0.031632653061224536,8.31
1983-12-01,11.82,10.85,-16661.0,2094.1,29.24,101.4,8.33,0.0,,,0.9700000000000006,-190410.0,0.0734570432643018,0.03787103377686796,8.33
1984-01-01,11.67,10.58,-5515.0,2094.0,29.69,102.1,8.38,0.0,,,1.0899999999999999,-186343.0,0.04626761267113011,0.04290091930541351,8.38
1984-02-01,12.04,10.99,-20381.0,2103.5,30.145,102.6,8.38,0.0,,,1.049999999999999,-181388.0,0.032443310101109235,0.04693877551020398,8.38
1984-03-01,12.53,11.6,-28555.0,2114.0,30.761,102.9,8.41,0.0,,,0.9299999999999997,-183907.0,0.029111089475221563,0.04892966360856277,8.41
1984-04-01,12.82,11.89,11493.0,2122.1,30.618,103.3,8.45,0.0,,,0.9299999999999997,-169106.0,0.033406379352325155,0.045546558704453455,8.45
1984-05-01,13.91,13.0,-33932.0,2130.2,30.52,103.5,8.45,0.0,,,0.9100000000000001,-173753.0,0.034027474394446866,0.043346774193548265,8.45
1984-06-01,13.84,13.17,-2000.0,2136.5,29.967,103.7,8.48,0.0,,,0.6699999999999999,-179154.0,0.03402381182847747,0.04325955734406439,8.48
1984-07-01,12.91,12.57,-16416.0,2136.0,28.752,104.1,8.51,0.0,,,0.33999999999999986,-174158.0,0.03238279362010643,0.043086172344689366,8.51
1984-08-01,12.79,12.54,-33498.0,2136.2,29.25,104.4,8.51,0.0,,,0.25,-190179.0,0.03108408147504571,0.04295704295704317,8.51
1984-09-01,12.47,12.07,16785.0,2143.5,29.311,104.7,8.55,0.0,,,0.40000000000000036,-175340.0,0.03316142092832708,0.042828685258964105,8.55
1984-10-01,11.79,11.09,-28009.0,2148.8,28.765,105.1,8.55,0.0,,,0.6999999999999993,-178280.0,0.03203496469910205,0.04265873015873023,8.55
1984-11-01,11.58,10.5,-28896.0,2166.1,28.098,105.3,8.57,0.0,,,1.08,-185585.0,0.03695725022739227,0.041543026706231556,8.57
1984-12-01,11.55,10.02,-14568.0,2186.1,25.429,105.5,8.61,0.0,,,1.5300000000000011,-183492.0,0.0439329544911895,0.04043392504930954,8.61
1985-01-01,11.17,9.9,-7992.0,2206.3,25.641,105.7,8.61,0.0,,,1.2699999999999996,-185969.0,0.0536294173829992,0.0352595494613126,8.61
1985-02-01,11.91,10.66,-21053.0,2214.4,27.271,106.3,8.64,0.0,,,1.25,-186641.0,0.05272165438554799,0.03606237816764146,8.64
1985-03-01,11.65,10.43,-29502.0,2215.6,28.238,106.8,8.66,0.0,,,1.2200000000000006,-187588.0,0.0480605487228003,0.03790087463556846,8.66
1985-04-01,11.41,9.91,11386.0,2220.4,28.805,107.0,8.69,0.0,,,1.5,-187695.0,0.04632203948918523,0.03581800580832528,8.69
1985-05-01,10.28,8.92,-41997.0,2229.9,27.623,107.2,8.7,0.0,,,1.3599999999999994,-195760.0,0.046803117078208833,0.035748792270531515,8.7
1985-06-01,10.25,8.67,-1408.0,2244.9,27.143,107.5,8.74,0.0,,,1.58,-195168.0,0.05073718698806462,0.03664416586306651,8.74
1985-07-01,10.57,9.01,-21533.0,2255.9,27.329,107.7,8.74,0.0,,,1.5600000000000005,-200285.0,0.05613295880149827,0.03458213256484166,8.74
1985-08-01,10.28,8.96,-27597.0,2265.0,27.755,107.9,8.76,0.0,,,1.3199999999999985,-194384.0,0.06029397996442287,0.03352490421455934,8.76
1985-09-01,10.31,8.88,-764.0,2272.2,28.289,108.1,8.8,0.0,,,1.4299999999999997,-211933.0,0.06004198740377875,0.032473734479465,8.8
1985-10-01,10.01,8.7,-27087.0,2274.3,29.538,108.5,8.79,0.0,,,1.3100000000000005,-211011.0,0.058404690990320196,0.032350142721217834,8.79
1985-11-01,9.59,8.46,-33386.0,2272.8,30.813,109.0,8.81,0.0,,,1.129999999999999,-215501.0,0.049259036978902326,0.03513770180436859,8.81
1985-12-01,9.0,7.98,-14656.0,2275.8,27.228,109.5,8.87,0.0,,,1.0199999999999996,-215589.0,0.04103197474955422,0.03791469194312791,8.87
1986-01-01,9.08,7.99,-6492.0,2276.3,22.945,109.9,8.85,0.0,,132.93,1.0899999999999999,-214089.0,0.03172732629288855,0.039735099337748325,8.85
1986-02-01,8.13,7.71,-24580.0,2290.3,15.442,109.7,8.88,0.0,,140.43,0.4200000000000008,-217616.0,0.034275650289017356,0.0319849482596426,8.88
1986-03-01,7.39,6.92,-30142.0,2321.8,12.618,109.1,8.89,0.0,,148.86,0.46999999999999975,-218256.0,0.04793283986279118,0.021535580524344455,8.89
1986-04-01,7.38,6.83,9928.0,2353.4,12.847,108.7,8.88,0.0,,154.91,0.5499999999999998,-219714.0,0.05989911727616648,0.015887850467289688,8.88
1986-05-01,8.05,7.36,-39396.0,2372.2,15.444,109.0,8.9,0.0,,163.16,0.6900000000000004,-217113.0,0.0638145208305303,0.01679104477611948,8.9
1986-06-01,7.35,6.81,-1044.0,2381.8,13.469,109.4,8.92,0.0,,162.62,0.54,-216749.0,0.0609826718339348,0.017674418604651132,8.92
1986-07-01,7.34,6.57,-22304.0,2398.7,11.575,109.5,8.91,0.0,,144.52,0.7699999999999996,-217520.0,0.06330067822155216,0.01671309192200554,8.91
1986-08-01,6.95,5.94,-28056.0,2414.7,15.092,109.6,8.94,0.0,,151.7,1.0099999999999998,-217979.0,0.06609271523178806,0.01575532900834098,8.94
1986-09-01,7.45,6.38,-3926.0,2425.4,14.913,110.0,8.94,0.0,,137.5,1.0700000000000003,-221141.0,0.0674236422850103,0.01757631822386685,8.94
1986-10-01,7.34,6.26,-25290.0,2438.4,14.852,110.2,8.96,0.0,,144.48,1.08,-219344.0,0.07215406938398616,0.015668202764977046,8.96
1986-11-01,7.15,6.21,-27087.0,2446.6,15.207,110.4,9.01,0.0,,147.94,0.9400000000000004,-213045.0,0.07646955297430469,0.012844036697247763,9.01
1986-12-01,7.23,6.35,-12369.0,2462.1,16.076,110.8,9.01,0.0,,141.41,0.8800000000000008,-210758.0,0.08186132349064046,0.01187214611872145,9.01
1987-01-01,7.18,6.33,-2157.0,2462.6,18.656,111.4,9.02,0.0,,166.68,0.8499999999999996,-206423.0,0.08184334226595769,0.01364877161055511,9.02
1987-02-01,7.19,6.35,-28379.0,2457.1,17.726,111.8,9.05,0.0,,182.75,0.8400000000000007,-210222.0,0.07282888704536505,0.019143117593436676,9.05
1987-03-01,7.51,6.54,-27931.0,2454.1,18.305,112.2,9.07,0.0,,186.04,0.9699999999999998,-208011.0,0.05698165216642259,0.028414298808432603,9.07
1987-04-01,8.21,7.38,38742.0,2455.9,18.643,112.7,9.08,0.0,,184.83,0.830000000000001,-179197.0,0.04355400696864109,0.03679852805887762,9.08
1987-05-01,8.49,7.69,-35637.0,2454.6,19.415,113.0,9.11,0.0,,188.77,0.7999999999999998,-175438.0,0.034735688390523656,0.03669724770642202,9.11
1987-06-01,8.38,7.48,-623.0,2445.2,20.034,113.5,9.11,0.0,,189.24,0.9000000000000004,-175017.0,0.026618523805524985,0.03747714808043878,9.11
1987-07-01,8.66,7.63,-22339.0,2442.0,21.355,113.8,9.12,0.0,,196.35,1.0300000000000002,-175052.0,0.018051444532455108,0.03926940639269394,9.12
1987-08-01,9.0,7.97,-21796.0,2439.5,20.274,114.3,9.18,0.0,,209.57,1.0300000000000002,-168792.0,0.010270426968153501,0.042883211678832245,9.18
1987-09-01,9.63,8.6,15204.0,2440.8,19.526,114.7,9.19,0.0,,205.5,1.0300000000000011,-149662.0,0.006349468128968416,0.042727272727272725,9.19
1987-10-01,8.88,7.58,-30810.0,2447.6,19.848,115.0,9.22,0.0,,150.07,1.3000000000000007,-155182.0,0.003772965879265122,0.04355716878402904,9.22
1987-11-01,8.99,7.73,-27022.0,2442.7,18.92,115.4,9.27,0.0,,137.13,1.2599999999999998,-155117.0,-0.0015940488841658107,0.04528985507246386,9.27
1987-12-01,8.83,7.77,-24363.0,2445.2,17.241,115.6,9.28,0.0,,156.25,1.0600000000000005,-167111.0,-0.006864059136509559,0.04332129963898912,9.28
1988-01-01,8.26,7.22,15896.0,2454.2,17.16,116.0,9.29,0.0,,159.13,1.04,-149058.0,-0.0034110289937464566,0.04129263913824044,9.29
1988-02-01,8.16,7.13,-24065.0,2469.5,16.765,116.2,9.29,0.0,,172.64,1.0300000000000002,-144744.0,0.005046599649993988,0.03935599284436497,9.29
1988-03-01,8.57,7.41,-29283.0,2480.9,16.217,116.5,9.31,0.0,,173.26,1.1600000000000001,-146096.0,0.010920500387107346,0.03832442067736186,9.31
1988-04-01,8.87,7.73,13769.0,2483.3,17.875,117.2,9.36,0.0,,175.92,1.1399999999999988,-171069.0,0.011156806058878699,0.03992901508429458,9.36
1988-05-01,9.2,8.21,-22583.0,2490.7,17.438,117.5,9.41,0.0,,173.34,0.9899999999999984,-158015.0,0.014707080583394427,0.03982300884955747,9.41
1988-06-01,8.82,8.02,9134.0,2490.7,16.53,118.0,9.41,0.0,,189.03,0.8000000000000007,-148258.0,0.018607884835596167,0.0396475770925111,9.41
1988-07-01,9.12,8.39,-22918.0,2487.1,15.498,118.5,9.45,0.0,,181.16,0.7299999999999986,-148837.0,0.01846846846846839,0.04130052724077338,9.45
1988-08-01,9.25,8.71,-23079.0,2480.8,15.524,119.0,9.46,0.0,,171.0,0.5399999999999991,-150120.0,0.01692969870875194,0.04111986001749779,9.46
1988-09-01,8.87,8.43,10173.0,2474.6,14.467,119.5,9.51,0.0,,179.37,0.4399999999999995,-155151.0,0.013847918715175211,0.04184829991281602,9.51
1988-10-01,8.65,8.25,-27005.0,2473.2,13.798,119.9,9.56,0.0,,174.78,0.40000000000000036,-151346.0,0.010459225363621538,0.04260869565217407,9.56
1988-11-01,9.06,8.84,-29140.0,2477.4,13.977,120.3,9.58,0.0,,169.19,0.22000000000000064,-153464.0,0.014205592172596093,0.04246100519930662,9.58
1988-12-01,9.14,9.14,-12790.0,2476.2,16.266,120.7,9.6,0.0,,177.41,0.0,-141891.0,0.012677899558318328,0.044117647058823595,9.6
1989-01-01,9.01,9.12,2797.0,2468.0,17.983,121.2,9.65,0.0,,186.47,-0.10999999999999943,-154990.0,0.0056230136093229355,0.04482758620689653,9.65
1989-02-01,9.32,9.55,-27871.0,2459.9,17.826,121.6,9.68,0.0,,183.79,-0.23000000000000043,-158796.0,-0.00388742660457575,0.04647160068846801,9.68
1989-03-01,9.3,9.73,-35784.0,2454.1,19.445,122.2,9.7,0.0,,185.87,-0.4299999999999997,-165297.0,-0.010802531339433319,0.04892703862660941,9.7
1989-04-01,9.02,9.22,40654.0,2441.5,21.04,123.1,9.75,0.0,,200.47,-0.20000000000000107,-138412.0,-0.016832440703902107,0.05034129692832767,9.75
1989-05-01,8.6,8.82,-25433.0,2435.0,20.032,123.7,9.74,0.0,,214.54,-0.22000000000000064,-141262.0,-0.022363191070783217,0.052765957446808454,9.74
1989-06-01,8.1,8.08,7785.0,2440.5,20.005,124.1,9.77,0.0,,204.59,0.019999999999999574,-142611.0,-0.020154976512626877,0.051694915254237195,9.77
1989-07-01,7.82,7.53,-18237.0,2451.8,19.644,124.5,9.83,0.0,,214.28,0.29000000000000004,-137930.0,-0.01419323710345366,0.05063291139240511,9.83
1989-08-01,8.26,8.42,-22150.0,2469.6,18.522,124.5,9.83,0.0,,222.0,-0.16000000000000014,-137001.0,-0.004514672686230403,0.04621848739495804,9.83
1989-09-01,8.31,8.46,-6146.0,2478.3,19.594,124.8,9.87,0.0,,226.41,-0.15000000000000036,-153320.0,0.0014951911420029163,0.04435146443514637,9.87
1989-10-01,7.92,7.85,-26084.0,2483.5,20.091,125.4,9.92,0.0,,222.62,0.07000000000000028,-152399.0,0.004164644994339328,0.04587155963302747,9.92
1989-11-01,7.84,7.75,-29732.0,2489.0,19.82,125.9,9.93,0.0,,224.44,0.08999999999999986,-152991.0,0.004682328247356038,0.046550290939318506,9.93
1989-12-01,7.93,7.87,-14772.0,2496.8,21.088,126.3,9.98,0.0,,223.84,0.05999999999999961,-154973.0,0.008319198772312575,0.046396023198011616,9.98
1990-01-01,8.43,8.28,8282.0,2483.4,22.641,127.5,10.02,0.0,,201.94,0.15000000000000036,-149488.0,0.006239870340356557,0.051980198019802026,10.02
1990-02-01,8.51,8.43,-35207.0,2483.0,22.108,128.0,10.07,0.0,,207.91,0.08000000000000007,-156824.0,0.009390625635188332,0.05263157894736836,10.07
1990-03-01,8.65,8.64,-53324.0,2479.9,20.418,128.6,10.11,0.0,,213.15,0.009999999999999787,-174364.0,0.0105130190293794,0.05237315875613735,10.11
1990-04-01,9.04,8.96,41829.0,2483.5,18.582,128.9,10.12,0.0,,205.81,0.0799999999999983,-173189.0,0.017202539422486174,0.04711616571892785,10.12
1990-05-01,8.6,8.5,-42482.0,2479.7,18.237,129.1,10.16,0.0,,236.15,0.09999999999999964,-190238.0,0.018357289527720644,0.043654001616814764,10.16
1990-06-01,8.43,8.24,-11105.0,2474.7,16.871,129.9,10.2,0.0,,238.46,0.1899999999999995,-209128.0,0.014013521819299157,0.04673650282030639,10.2
1990-07-01,8.36,7.91,-25924.0,2471.0,18.638,130.5,10.22,0.0,,223.38,0.4499999999999993,-216815.0,0.007830981319846497,0.04819277108433728,10.22
1990-08-01,8.86,8.07,-52719.0,2463.6,27.174,131.6,10.24,1.0,,193.62,0.7899999999999991,-247384.0,-0.0024295432458697475,0.05702811244979911,10.24
1990-09-01,8.82,8.02,20768.0,2456.4,33.687,132.5,10.27,1.0,,177.06,0.8000000000000007,-220470.0,-0.008836702578380429,0.06169871794871806,10.27
1990-10-01,8.65,7.77,-31364.0,2443.2,35.922,133.4,10.3,1.0,,172.56,0.8800000000000008,-225750.0,-0.016227098852426125,0.06379585326953752,10.3
1990-11-01,8.26,7.53,-47723.0,2440.4,32.3,133.7,10.32,1.0,,192.66,0.7299999999999995,-243741.0,-0.019525914021695456,0.06195393169181873,10.32
1990-12-01,8.08,7.15,-7387.0,2438.5,27.337,134.2,10.34,1.0,,200.53,0.9299999999999997,-236356.0,-0.02334988785645631,0.06254948535233562,10.34
1991-01-01,8.03,7.05,1650.0,2440.5,24.959,134.7,10.37,1.0,,232.43,0.9799999999999995,-242988.0,-0.017274704034791033,0.05647058823529405,10.37
1991-02-01,8.02,7.04,-26191.0,2450.7,20.523,134.8,10.39,1.0,,250.12,0.9799999999999995,-233972.0,-0.013008457511075378,0.05312500000000009,10.39
1991-03-01,8.05,7.02,-41173.0,2463.6,19.86,134.8,10.41,1.0,,264.9,1.0300000000000011,-221821.0,-0.006572845679261308,0.04821150855365497,10.41
1991-04-01,8.02,6.8,30009.0,2466.2,20.823,135.1,10.46,0.0,,263.65,1.2199999999999998,-233641.0,-0.006965975437890126,0.04809930178432875,10.46
1991-05-01,8.06,6.68,-53367.0,2465.8,21.24,135.6,10.5,0.0,,279.0,1.3800000000000008,-244526.0,-0.005605516796386545,0.05034856700232382,10.5
1991-06-01,8.24,6.9,-2579.0,2465.3,20.195,136.0,10.51,0.0,,254.19,1.3399999999999999,-236000.0,-0.0037984402149754404,0.046959199384141614,10.51
1991-07-01,8.2,6.81,-40831.0,2464.2,21.42,136.2,10.54,0.0,,272.15,1.3899999999999997,-250907.0,-0.002751922298664611,0.04367816091954024,10.54
1991-08-01,7.82,6.36,-43649.0,2456.1,21.688,136.6,10.56,0.0,,287.4,1.46,-241837.0,-0.0030443253774963264,0.03799392097264431,10.56
1991-09-01,7.47,5.99,-6887.0,2448.9,21.857,137.0,10.58,0.0,,287.54,1.4799999999999995,-269492.0,-0.0030532486565706396,0.03396226415094339,10.58
1991-10-01,7.47,5.7,-36594.0,2449.0,23.228,137.2,10.59,0.0,,292.5,1.7699999999999996,-274722.0,0.0023739358218730633,0.028485757121439192,10.59
1991-11-01,7.38,5.38,-44684.0,2442.5,22.465,137.8,10.61,0.0,,284.79,2.0,-271683.0,0.0008605146697262533,0.030665669409125185,10.61
1991-12-01,6.71,4.77,-2534.0,2440.7,19.517,138.2,10.64,0.0,,330.86,1.9400000000000004,-266830.0,0.0009021939717037686,0.02980625931445613,10.64
1992-01-01,7.31,5.11,-15668.0,2444.6,18.82,138.3,10.64,0.0,,338.31,2.1999999999999993,-284148.0,0.001679983609915947,0.02672605790645899,10.64
1992-02-01,7.27,5.27,-49180.0,2452.6,18.995,138.6,10.66,0.0,,345.88,2.0,-307137.0,0.0007752886930265657,0.028189910979228294,10.66
1992-03-01,7.54,5.6,-50712.0,2446.5,18.916,139.1,10.68,0.0,,323.05,1.9400000000000004,-316676.0,-0.006941061860691655,0.03189910979228472,10.68
1992-04-01,7.61,5.46,14603.0,2438.5,20.243,139.4,10.72,0.0,,307.86,2.1500000000000004,-332082.0,-0.011231854675208708,0.031828275351591495,10.72
1992-05-01,7.33,5.19,-46773.0,2433.1,20.94,139.7,10.74,0.0,,315.3,2.1399999999999997,-325488.0,-0.013261416173250162,0.030235988200590036,10.74
1992-06-01,7.14,4.83,3782.0,2422.6,22.375,140.1,10.77,0.0,,301.23,2.3099999999999996,-319127.0,-0.017320407252667147,0.030147058823529305,10.77
1992-07-01,6.72,4.42,-43147.0,2415.6,21.759,140.5,10.78,0.0,,310.89,2.3,-321443.0,-0.019722425127830512,0.031571218795888534,10.78
1992-08-01,6.62,4.15,-24742.0,2413.8,21.35,140.8,10.81,0.0,,299.26,2.4699999999999998,-302536.0,-0.017222425796995178,0.030746705710102518,10.81
1992-09-01,6.37,3.8,5310.0,2417.0,21.902,141.1,10.83,0.0,,313.19,2.5700000000000003,-290339.0,-0.013026256686675675,0.029927007299270114,10.83
1992-10-01,6.8,4.4,-48792.0,2416.3,21.688,141.7,10.85,0.0,,329.15,2.3999999999999995,-302537.0,-0.013352388730093812,0.03279883381924198,10.85
1992-11-01,6.95,4.79,-32726.0,2411.6,20.342,142.1,10.86,0.0,,350.96,2.16,-290579.0,-0.012650972364380841,0.031204644412191396,10.86
1992-12-01,6.7,4.56,-38947.0,2407.1,19.407,142.3,10.9,0.0,,360.19,2.1400000000000006,-326992.0,-0.01376654238538122,0.02966714905933454,10.9
1993-01-01,6.39,4.2,29817.0,2394.2,19.075,142.8,10.93,0.0,,370.56,2.1899999999999995,-281507.0,-0.020616869835555995,0.03253796095444694,10.93
1993-02-01,6.03,3.92,-48498.0,2385.6,20.053,143.1,10.95,0.0,,351.14,2.1100000000000003,-280825.0,-0.027317948299763528,0.032467532467532534,10.95
1993-03-01,6.03,3.96,-43974.0,2380.3,20.347,143.3,10.99,0.0,,359.42,2.0700000000000003,-274087.0,-0.027059063968935093,0.030194104960460155,10.99
1993-04-01,6.05,3.83,7817.0,2371.8,20.27,143.8,10.99,0.0,,339.95,2.2199999999999998,-280873.0,-0.02735288086938681,0.031563845050215145,10.99
1993-05-01,6.16,4.24,-36963.0,2383.8,19.94,144.2,11.01,0.0,,368.11,1.92,-271063.0,-0.02026221692491048,0.0322118826055835,11.01
1993-06-01,5.8,4.03,11099.0,2385.8,19.07,144.3,11.03,0.0,,366.13,1.7699999999999996,-263746.0,-0.015190291422438551,0.029978586723768963,11.03
1993-07-01,5.83,4.13,-39577.0,2381.9,17.866,144.5,11.05,0.0,,352.87,1.7000000000000002,-260176.0,-0.013950985262460636,0.028469750889679624,11.05
1993-08-01,5.45,3.88,-23078.0,2379.6,18.009,144.8,11.07,0.0,,372.65,1.5700000000000003,-258512.0,-0.014168530947054503,0.02840909090909083,11.07
1993-09-01,5.4,3.89,8517.0,2381.1,17.514,145.0,11.09,0.0,,382.72,1.5100000000000002,-255305.0,-0.014853123707074922,0.027639971651311157,11.09
1993-10-01,5.43,3.99,-45422.0,2374.2,18.145,145.6,11.13,0.0,,390.99,1.4399999999999995,-251935.0,-0.017423333195381474,0.02752293577981657,11.13
1993-11-01,5.83,4.22,-38381.0,2377.2,16.699,146.0,11.15,0.0,,386.76,1.6100000000000003,-257590.0,-0.014264388787527005,0.027445460942997935,11.15
1993-12-01,5.83,4.25,-7705.0,2375.3,14.51,146.3,11.18,0.0,,398.28,1.58,-226348.0,-0.013210917701798719,0.028109627547435068,11.18
1994-01-01,5.7,4.12,15248.0,2375.1,15.0,146.3,11.2,0.0,,413.99,1.58,-240917.0,-0.007977612563695557,0.02450980392156854,11.2
1994-02-01,6.15,4.67,-41566.0,2368.8,14.78,146.7,11.25,0.0,,412.17,1.4800000000000004,-233985.0,-0.00704225352112664,0.02515723270440251,11.25
1994-03-01,6.77,5.21,-32315.0,2365.2,14.66,147.1,11.25,0.0,,382.96,1.5599999999999996,-222326.0,-0.006343738184262593,0.026517794836008246,11.25
1994-04-01,7.06,5.73,17454.0,2364.5,16.38,147.2,11.27,0.0,,373.25,1.3299999999999992,-212689.0,-0.003077831183067814,0.02364394993045882,11.27
1994-05-01,7.17,6.01,-32057.0,2367.1,17.88,147.5,11.29,0.0,,378.85,1.1600000000000001,-207783.0,-0.0070056212769529225,0.02288488210818307,11.29
1994-06-01,7.34,6.19,14850.0,2352.8,19.07,147.9,11.31,0.0,,360.3,1.1499999999999995,-204032.0,-0.013831838377064254,0.02494802494802495,11.31
1994-07-01,7.12,5.99,-33198.0,2350.5,19.65,148.4,11.34,0.0,,370.16,1.13,-197653.0,-0.01318275326420093,0.0269896193771626,11.34
1994-08-01,7.19,6.17,-24275.0,2339.3,18.38,149.0,11.36,0.0,,397.9,1.0200000000000005,-198850.0,-0.01693561943183719,0.02900552486187835,11.36
1994-09-01,7.62,6.62,4266.0,2335.4,17.46,149.3,11.39,0.0,,393.85,1.0,-203101.0,-0.01919281004577711,0.02965517241379323,11.39
1994-10-01,7.81,6.84,-31343.0,2332.5,17.71,149.4,11.42,0.0,,413.05,0.9699999999999998,-189022.0,-0.017563810967904936,0.026098901098901228,11.42
1994-11-01,7.91,7.4,-37243.0,2328.3,18.1,149.8,11.45,0.0,,404.82,0.5099999999999998,-187884.0,-0.020570418980312866,0.026027397260274032,11.45
1994-12-01,7.84,7.69,-4803.0,2322.9,17.16,150.1,11.48,0.0,,404.27,0.14999999999999947,-184982.0,-0.02206037132151728,0.02597402597402576,11.48
1995-01-01,7.6,7.26,15634.0,2320.4,17.99,150.5,11.48,0.0,,405.33,0.33999999999999986,-184596.0,-0.02303060923750566,0.028708133971291794,11.48
1995-02-01,7.22,6.79,-38357.0,2312.3,18.53,150.9,11.53,0.0,,432.5,0.4299999999999997,-181387.0,-0.023851739277271244,0.02862985685071595,11.53
1995-03-01,7.2,6.8,-50544.0,2308.1,18.55,151.2,11.55,0.0,,447.15,0.40000000000000036,-199616.0,-0.024141721630306034,0.027872195785180187,11.55
1995-04-01,7.07,6.6,49722.0,2304.5,19.87,151.8,11.56,0.0,,469.56,0.47000000000000064,-167348.0,-0.025375343624444935,0.03125000000000022,11.56
1995-05-01,6.3,5.89,-39555.0,2317.6,19.74,152.1,11.59,0.0,,488.1,0.41000000000000014,-174846.0,-0.020911664061509905,0.031186440677966054,11.59
1995-06-01,6.21,5.79,12813.0,2329.0,18.42,152.4,11.63,0.0,,538.03,0.41999999999999993,-176883.0,-0.010115606936416222,0.030425963488843744,11.63
1995-07-01,6.45,5.88,-13582.0,2337.8,17.3,152.6,11.67,0.0,,568.88,0.5700000000000003,-157267.0,-0.0054031057221867185,0.028301886792452713,11.67
1995-08-01,6.28,5.85,-33849.0,2347.2,18.03,152.9,11.69,0.0,,576.77,0.4300000000000006,-166841.0,0.0033770786132603092,0.026174496644295386,11.69
1995-09-01,6.17,5.83,7191.0,2353.3,18.23,153.1,11.73,0.0,,585.08,0.33999999999999986,-163916.0,0.007664639890382796,0.0254521098459477,11.73
1995-10-01,6.03,5.61,-22758.0,2354.5,17.44,153.5,11.75,0.0,,598.78,0.41999999999999993,-155331.0,0.009431939978563841,0.027443105756358666,11.75
1995-11-01,5.76,5.36,-38452.0,2355.5,17.99,153.7,11.78,0.0,,593.72,0.39999999999999947,-156540.0,0.011682343340634782,0.02603471295060067,11.78
1995-12-01,5.58,5.18,5283.0,2358.5,19.04,153.9,11.81,0.0,,576.23,0.40000000000000036,-146454.0,0.015325670498084198,0.025316455696202667,11.81
1996-01-01,5.6,4.93,19456.0,2357.7,18.88,154.7,11.86,0.0,,591.82,0.6699999999999999,-142632.0,0.016074814687122796,0.027906976744185963,11.86
1996-02-01,6.13,5.44,-44346.0,2361.8,19.07,155.0,11.87,0.0,,622.83,0.6899999999999995,-148621.0,0.021407256843835043,0.02717031146454607,11.87
1996-03-01,6.34,5.79,-47071.0,2370.0,21.36,155.5,11.89,0.0,,609.69,0.5499999999999998,-145148.0,0.02681859538148257,0.028439153439153486,11.89
1996-04-01,6.66,6.03,72404.0,2368.0,23.57,156.1,11.96,0.0,,666.73,0.6299999999999999,-122466.0,0.027554784118029918,0.02832674571805005,11.96
1996-05-01,6.85,6.27,-53051.0,2372.6,21.25,156.4,11.98,0.0,,692.39,0.5800000000000001,-135962.0,0.023731446323783212,0.02827087442472065,11.98
1996-06-01,6.73,6.11,34340.0,2376.1,20.45,156.7,12.03,0.0,,677.3,0.6200000000000001,-114435.0,0.02022327179046801,0.028215223097112663,12.03
1996-07-01,6.8,6.22,-26856.0,2380.6,21.32,157.0,12.05,0.0,,636.01,0.5800000000000001,-127709.0,0.01830781076225496,0.028833551769331667,12.05
1996-08-01,6.96,6.34,-41831.0,2381.7,21.96,157.2,12.09,0.0,,663.57,0.6200000000000001,-135691.0,0.01469836400817992,0.028122956180510084,12.09
1996-09-01,6.72,6.1,35257.0,2380.6,23.99,157.7,12.13,0.0,,737.58,0.6200000000000001,-107625.0,0.011600730888539301,0.030045721750489918,12.13
1996-10-01,6.37,5.77,-39805.0,2385.2,24.9,158.2,12.16,0.0,,751.99,0.6000000000000005,-124672.0,0.01303886175408775,0.030618892508143203,12.16
1996-11-01,6.06,5.59,-37878.0,2391.6,23.71,158.7,12.2,0.0,,834.01,0.46999999999999975,-124098.0,0.015325833156442314,0.03253090435914108,12.2
1996-12-01,6.43,5.88,18490.0,2400.2,25.39,159.1,12.24,0.0,,821.36,0.5499999999999998,-110891.0,0.017680729277082863,0.03378817413905133,12.24
1997-01-01,6.53,5.94,13364.0,2405.3,25.17,159.4,12.29,0.0,,921.55,0.5899999999999999,-116983.0,0.02018916740891563,0.030381383322559907,12.29
1997-02-01,6.56,6.09,-44010.0,2407.6,22.21,159.7,12.31,0.0,,850.46,0.46999999999999975,-116647.0,0.01939198916080942,0.030322580645161246,12.31
1997-03-01,6.92,6.45,-21323.0,2415.2,20.99,159.8,12.35,0.0,,797.06,0.46999999999999975,-90899.0,0.019071729957805816,0.027652733118971096,12.35
1997-04-01,6.72,6.29,93939.0,2423.9,19.72,159.9,12.39,0.0,,874.74,0.4299999999999997,-69364.0,0.023606418918918903,0.02434336963484962,12.39
1997-05-01,6.67,6.22,-48494.0,2433.1,20.83,159.9,12.43,0.0,,958.85,0.4500000000000002,-64807.0,0.025499452077889284,0.02237851662404089,12.43
1997-06-01,6.51,6.08,54635.0,2438.9,19.17,160.2,12.46,0.0,,957.3,0.4299999999999997,-44512.0,0.02642986406296033,0.02233567326100827,12.46
1997-07-01,6.02,5.74,-25624.0,2446.9,19.63,160.4,12.5,0.0,,1107.03,0.27999999999999936,-43280.0,0.02785012181802915,0.021656050955414008,12.5
1997-08-01,6.34,5.97,-35189.0,2461.3,19.93,160.8,12.57,0.0,,1074.17,0.3700000000000001,-36638.0,0.0334215056472269,0.022900763358778775,12.57
1997-09-01,6.12,5.8,49940.0,2465.1,19.79,161.2,12.6,0.0,,1097.17,0.3200000000000003,-21955.0,0.03549525329748793,0.0221940393151554,12.6
1997-10-01,5.84,5.63,-35968.0,2472.3,21.26,161.5,12.66,0.0,,1019.62,0.20999999999999996,-18118.0,0.036516853932584414,0.020859671302149163,12.66
1997-11-01,5.86,5.76,-17349.0,2483.0,20.17,161.7,12.71,0.0,,1050.51,0.10000000000000053,2411.0,0.03821709315939126,0.018903591682419618,12.71
1997-12-01,5.75,5.66,13639.0,2492.6,18.32,161.8,12.75,0.0,,990.8,0.08999999999999986,-2440.0,0.03849679193400557,0.016970458830924073,12.75
1998-01-01,5.53,5.32,25379.0,2503.2,16.71,162.0,12.79,0.0,,1071.13,0.20999999999999996,9575.0,0.04070178356130194,0.016311166875784044,12.79
1998-02-01,5.62,5.55,-41750.0,2523.0,16.06,162.0,12.83,0.0,,1194.13,0.07000000000000028,11835.0,0.047931550091377284,0.01440200375704448,12.83
1998-03-01,5.67,5.6,-13813.0,2538.5,15.02,162.0,12.87,0.0,,1220.66,0.07000000000000028,19345.0,0.051051672739317766,0.013767209011263937,12.87
1998-04-01,5.68,5.59,124603.0,2551.7,15.44,162.2,12.92,0.0,,1248.12,0.08999999999999986,50009.0,0.052724947398820055,0.014383989993745905,12.92
1998-05-01,5.56,5.53,-38779.0,2562.1,14.86,162.6,12.96,0.0,,1192.07,0.02999999999999936,59724.0,0.05301878262299131,0.016885553470919357,12.96
1998-06-01,5.44,5.49,51106.0,2571.0,13.66,162.8,12.99,0.0,,1337.34,-0.04999999999999982,56195.0,0.05416376235187981,0.01622971285892638,12.99
1998-07-01,5.5,5.49,-24084.0,2576.8,14.08,163.2,13.0,0.0,,1377.26,0.009999999999999787,57735.0,0.05308758020352289,0.0174563591022443,13.0
1998-08-01,5.05,4.91,-11166.0,2588.3,13.36,163.4,13.07,0.0,,1140.34,0.13999999999999968,81758.0,0.05159874862877345,0.016169154228855787,13.07
1998-09-01,4.44,4.3,37425.0,2610.6,14.95,163.5,13.11,0.0,,1345.48,0.14000000000000057,69243.0,0.059023974686625236,0.014267990074441794,13.11
1998-10-01,4.64,4.12,-32440.0,2628.6,14.39,163.9,13.14,0.0,,1400.52,0.5199999999999996,72771.0,0.06322048295109806,0.014860681114551078,13.14
1998-11-01,4.74,4.54,-16937.0,2648.9,12.85,164.1,13.17,0.0,,1557.96,0.20000000000000018,73183.0,0.0668143374949659,0.014842300556586308,13.17
1998-12-01,4.65,4.54,-5156.0,2661.5,11.28,164.4,13.21,0.0,,1836.01,0.11000000000000032,54388.0,0.06776057129102142,0.01606922126081578,13.21
1999-01-01,4.66,4.58,70505.0,2672.6,12.47,164.7,13.27,0.0,,2127.19,0.08000000000000007,99514.0,0.06767337807606277,0.016666666666666607,13.27
1999-02-01,5.29,5.13,-42337.0,2685.9,12.01,164.7,13.3,0.0,,1925.28,0.16000000000000014,98927.0,0.06456599286563613,0.016666666666666607,13.3
1999-03-01,5.25,4.99,-22409.0,2688.2,14.66,164.8,13.34,0.0,,2106.39,0.2599999999999998,90331.0,0.058971833760094405,0.01728395061728394,13.34
1999-04-01,5.36,5.08,113459.0,2688.3,17.34,165.9,13.38,0.0,,2136.39,0.28000000000000025,79187.0,0.05353293882509713,0.02281134401972884,13.38
1999-05-01,5.64,5.42,-23969.0,2703.6,17.75,166.0,13.42,0.0,,2089.7,0.21999999999999975,93997.0,0.055228133172007254,0.02091020910209096,13.42
1999-06-01,5.81,5.53,53568.0,2716.9,17.89,166.0,13.47,0.0,,2296.77,0.27999999999999936,96459.0,0.05674834694671338,0.019656019656019597,13.47
1999-07-01,5.92,5.63,-25164.0,2722.0,20.07,166.7,13.51,0.0,,2270.93,0.29000000000000004,95379.0,0.05634895995032596,0.021446078431372584,13.51
1999-08-01,5.98,5.73,-2803.0,2725.1,21.26,167.1,13.53,0.0,,2396.87,0.25,103742.0,0.05285322412394233,0.022643818849449104,13.53
1999-09-01,5.9,5.63,58042.0,2723.2,23.88,167.8,13.61,0.0,,2407.9,0.27000000000000046,124359.0,0.04313184708496132,0.02629969418960254,13.61
1999-10-01,6.02,5.79,-26326.0,2732.2,22.64,168.1,13.64,0.0,,2637.44,0.22999999999999954,130473.0,0.03941261508027094,0.0256253813300793,13.64
1999-11-01,6.18,6.01,-27031.0,2738.7,24.97,168.4,13.66,0.0,,2966.71,0.16999999999999993,120379.0,0.03390086450979646,0.026203534430225606,13.66
1999-12-01,6.45,6.24,33081.0,2748.3,26.08,168.8,13.7,0.0,,3707.83,0.20999999999999996,158616.0,0.03261318805185054,0.02676399026763998,13.7
2000-01-01,6.68,6.61,62152.0,2756.1,27.18,169.3,13.74,0.0,,3570.05,0.0699999999999994,150263.0,0.03124298435979944,0.02792956891317555,13.74
2000-02-01,6.42,6.53,-41734.0,2752.2,29.35,170.0,13.8,0.0,,4266.94,-0.11000000000000032,150866.0,0.02468446330838825,0.032179720704310855,13.8
2000-03-01,6.03,6.5,-35380.0,2753.9,29.89,171.0,13.85,0.0,,4397.84,-0.46999999999999975,137895.0,0.02444014582248344,0.03762135922330101,13.85
2000-04-01,6.23,6.68,159497.0,2789.0,25.74,170.9,13.89,0.0,,3773.18,-0.4499999999999993,183933.0,0.037458616969832104,0.03013863773357439,13.89
2000-05-01,6.29,6.69,-3611.0,2778.9,28.78,171.2,13.93,0.0,,3324.08,-0.40000000000000036,204291.0,0.027851753217931652,0.031325301204819134,13.93
2000-06-01,6.03,6.38,55888.0,2773.4,31.83,172.2,13.98,0.0,,3763.79,-0.34999999999999964,206611.0,0.020795759873385,0.03734939759036138,13.98
2000-07-01,6.04,6.3,5061.0,2775.6,29.77,172.7,14.02,0.0,,3609.35,-0.2599999999999998,236836.0,0.019691403379867634,0.03599280143971195,14.02
2000-08-01,5.73,6.18,-10427.0,2791.2,31.22,172.7,14.07,0.0,,4077.59,-0.4499999999999993,229212.0,0.024255990605849265,0.033512866546977715,14.07
2000-09-01,5.8,5.98,65747.0,2797.2,33.88,173.6,14.13,0.0,,3570.61,-0.1800000000000006,236917.0,0.02717391304347827,0.0345649582836709,14.13
2000-10-01,5.77,5.94,-11321.0,2801.3,33.08,173.9,14.17,0.0,,3282.3,-0.17000000000000082,251922.0,0.0252909743064198,0.03450327186198687,14.17
2000-11-01,5.48,5.61,-23690.0,2802.9,34.4,174.2,14.23,0.0,,2506.54,-0.1299999999999999,255263.0,0.023441778946215353,0.03444180522565321,14.23
2000-12-01,5.12,5.11,32666.0,2822.1,28.46,174.6,14.29,0.0,,2341.7,0.009999999999999787,254848.0,0.026852963650256356,0.03436018957345954,14.29
2001-01-01,5.19,4.62,76379.0,2834.2,29.58,175.6,14.29,0.0,,2593.0,0.5700000000000003,269075.0,0.028337143064475212,0.037212049616065945,14.29
2001-02-01,4.92,4.41,-48168.0,2849.4,29.61,176.0,14.36,0.0,,1908.32,0.5099999999999998,262641.0,0.03531720078482681,0.03529411764705892,14.36
2001-03-01,4.93,4.18,-50662.0,2880.3,27.24,176.1,14.42,0.0,,1573.25,0.75,247359.0,0.04589854388322023,0.029824561403508643,14.42
2001-04-01,5.35,4.3,189796.0,2912.6,27.41,176.4,14.44,1.0,,1855.15,1.0499999999999998,277658.0,0.04431695948368586,0.03218256290228205,14.44
2001-05-01,5.43,4.22,-27919.0,2898.5,28.64,177.3,14.5,1.0,,1799.89,1.21,253350.0,0.04303861240059015,0.035630841121495394,14.5
2001-06-01,5.42,4.25,31862.0,2916.3,27.6,177.7,14.54,1.0,,1830.19,1.17,229324.0,0.051525203721064505,0.03193960511033689,14.54
2001-07-01,5.07,3.79,2820.0,2938.0,26.45,177.4,14.55,1.0,,1683.61,1.2800000000000002,227083.0,0.058509871739443664,0.027214823393167498,14.55
2001-08-01,4.85,3.64,-79990.0,2956.3,27.47,177.4,14.6,1.0,,1469.7,1.2099999999999995,157520.0,0.0591501862997994,0.027214823393167498,14.6
2001-09-01,4.6,2.86,35501.0,3007.2,25.88,178.1,14.62,1.0,,1168.37,1.7399999999999998,127274.0,0.07507507507507505,0.025921658986175045,14.62
2001-10-01,4.3,2.44,-7656.0,3009.0,22.21,177.6,14.66,1.0,,1364.78,1.8599999999999999,130939.0,0.07414414736015407,0.02127659574468077,14.66
2001-11-01,4.78,2.84,-54267.0,3035.2,19.67,177.5,14.72,1.0,,1596.05,1.9400000000000004,100362.0,0.082878447322416,0.01894374282433997,14.72
2001-12-01,5.07,3.07,26567.0,3066.6,19.33,177.4,14.74,0.0,,1577.05,2.0000000000000004,94263.0,0.08663761029020933,0.01603665521191311,14.74
2002-01-01,5.07,3.16,43729.0,3072.4,19.67,177.7,14.76,0.0,,1550.17,1.9100000000000001,61613.0,0.08404488038952795,0.011958997722095743,14.76
2002-02-01,4.88,3.06,-76056.0,3083.4,20.74,178.0,14.78,0.0,,1359.22,1.8199999999999998,33725.0,0.08212255211623498,0.011363636363636465,14.78
2002-03-01,5.42,3.72,-64238.0,3081.1,24.42,178.5,14.82,0.0,,1452.81,1.6999999999999997,20149.0,0.06971496024719648,0.013628620102214661,14.82
2002-04-01,5.11,3.24,67170.0,3068.2,26.27,179.3,14.84,0.0,,1277.07,1.87,-102477.0,0.05342305843576178,0.01643990929705219,14.84
2002-05-01,5.08,3.22,-80631.0,3080.8,27.02,179.5,14.88,0.0,,1208.36,1.8599999999999999,-155189.0,0.06289460065551156,0.012408347433727984,14.88
2002-06-01,4.86,2.9,29071.0,3093.2,25.52,179.6,14.93,0.0,,1051.41,1.9600000000000004,-157980.0,0.060659054281109404,0.010692177827799743,14.93
2002-07-01,4.51,2.23,-29159.0,3109.8,26.94,180.0,14.97,0.0,,962.11,2.28,-189959.0,0.058475153165418625,0.01465614430665152,14.97
2002-08-01,4.14,2.14,-54709.0,3123.8,28.38,180.5,15.02,0.0,,942.38,1.9999999999999996,-164678.0,0.05665866116429319,0.01747463359639223,15.02
2002-09-01,3.63,1.72,42388.0,3132.1,29.67,180.8,15.05,0.0,,832.52,1.91,-157791.0,0.04153365256717212,0.01516002245929271,15.05
2002-10-01,3.93,1.68,-54072.0,3149.7,28.85,181.2,15.12,0.0,,989.54,2.25,-204207.0,0.04675972083748747,0.020270270270270174,15.12
2002-11-01,4.22,2.08,-58883.0,3172.5,26.27,181.5,15.15,0.0,,1116.1,2.1399999999999997,-208823.0,0.0452358987875594,0.022535211267605604,15.15
2002-12-01,3.83,1.61,4719.0,3178.8,29.42,181.8,15.2,0.0,,984.3,2.2199999999999998,-230671.0,0.03658775190765029,0.024802705749718212,15.2
2003-01-01,4.0,1.72,10633.0,3182.4,32.94,182.6,15.21,0.0,,996.04,2.2800000000000002,-263767.0,0.03580262986590288,0.02757456387169399,15.21
2003-02-01,3.71,1.53,-96663.0,3184.5,35.87,183.6,15.28,0.0,,1013.34,2.1799999999999997,-284374.0,0.03278848024907566,0.03146067415730336,15.28
2003-03-01,3.83,1.51,-58877.0,3189.9,33.55,183.9,15.27,0.0,,1032.91,2.3200000000000003,-279013.0,0.035312063873292,0.03025210084033625,15.27
2003-04-01,3.89,1.51,51066.0,3223.2,28.25,183.2,15.28,0.0,,1116.85,2.38,-295117.0,0.05051821915129384,0.02175125488008911,15.28
2003-05-01,3.37,1.33,-88867.0,3262.4,28.14,182.9,15.33,0.0,,1201.25,2.04,-303353.0,0.05894572838223833,0.018941504178273005,15.33
2003-06-01,3.54,1.32,21230.0,3279.0,30.72,183.1,15.36,0.0,,1199.83,2.2199999999999998,-311194.0,0.06006724427777055,0.01948775055679297,15.36
2003-07-01,4.49,1.8,-54240.0,3293.6,30.76,183.7,15.4,0.0,,1298.81,2.6900000000000004,-336275.0,0.059103479323429076,0.020555555555555438,15.4
2003-08-01,4.45,1.95,-76587.0,3310.0,31.59,184.5,15.42,0.0,,1344.74,2.5,-358153.0,0.05960688904539335,0.02216066481994461,15.42
2003-09-01,3.96,1.5,23402.0,3284.7,28.29,185.1,15.42,0.0,,1302.26,2.46,-377139.0,0.04872130519459783,0.02378318584070782,15.42
2003-10-01,4.33,1.85,-69545.0,3283.0,30.33,184.9,15.42,0.0,,1411.76,2.48,-392612.0,0.042321490935644634,0.02041942604856528,15.42
2003-11-01,4.34,2.06,-42971.0,3284.1,31.09,185.0,15.46,0.0,,1426.76,2.28,-376700.0,0.03517730496453897,0.019283746556473913,15.46
2003-12-01,4.27,1.84,-17640.0,3274.1,32.15,185.5,15.47,0.0,,1459.06,2.4299999999999997,-399059.0,0.029979866616333117,0.020352035203520247,15.47
2004-01-01,4.16,1.84,-1633.0,3264.3,34.27,186.3,15.51,0.0,,1487.78,2.3200000000000003,-411325.0,0.02573529411764719,0.020262869660460092,15.51
2004-02-01,3.99,1.66,-96701.0,3278.4,34.74,186.7,15.53,0.0,,1459.91,2.33,-411363.0,0.029486575600565335,0.01688453159041381,15.53
2004-03-01,3.86,1.6,-72913.0,3290.4,36.76,187.1,15.56,0.0,,1447.95,2.26,-425399.0,0.031505689833537076,0.017400761283306032,15.56
2004-04-01,4.53,2.31,17578.0,3307.6,36.69,187.4,15.59,0.0,,1401.36,2.22,-458887.0,0.026185157607346854,0.022925764192139875,15.59
2004-05-01,4.66,2.54,-62463.0,3335.4,40.28,188.2,15.63,0.0,,1469.23,2.12,-432483.0,0.022376164786660047,0.028977583378895444,15.63
2004-06-01,4.62,2.7,19124.0,3324.1,38.02,188.9,15.67,0.0,,1523.48,1.92,-434589.0,0.013754193351631638,0.03167667941015839,15.67
2004-07-01,4.5,2.68,-69160.0,3327.5,40.69,189.1,15.69,0.0,,1412.0,1.8199999999999998,-449509.0,0.010292688851105236,0.02939575394665228,15.69
2004-08-01,4.13,2.41,-41132.0,3339.2,44.94,189.2,15.73,0.0,,1354.1,1.7199999999999998,-414054.0,0.008821752265860905,0.025474254742547275,15.73
2004-09-01,4.14,2.63,24611.0,3346.8,45.95,189.8,15.78,0.0,,1403.89,1.5099999999999998,-412845.0,0.018905836149420097,0.025391680172879516,15.78
2004-10-01,4.05,2.56,-56618.0,3343.8,53.13,190.8,15.81,0.0,,1475.56,1.4899999999999998,-399918.0,0.018519646664636014,0.03190914007571655,15.81
2004-11-01,4.36,3.02,-57170.0,3341.8,48.46,191.7,15.84,0.0,,1571.11,1.3400000000000003,-414117.0,0.017569501537712195,0.03621621621621607,15.84
2004-12-01,4.24,3.08,-2561.0,3351.2,43.33,191.7,15.86,0.0,,1620.31,1.1600000000000001,-399038.0,0.023548456064261813,0.033423180592991875,15.86
2005-01-01,4.14,3.29,8106.0,3355.9,46.84,191.6,15.9,0.0,,1513.06,0.8499999999999996,-389299.0,0.028061146340716103,0.028448738593666034,15.9
2005-02-01,4.36,3.59,-113789.0,3346.0,47.97,192.4,15.93,0.0,,1498.17,0.7700000000000005,-406387.0,0.020619814543679782,0.030530262453133394,15.93
2005-03-01,4.5,3.8,-71724.0,3338.5,54.31,193.1,15.97,0.0,,1478.66,0.7000000000000002,-405198.0,0.014618283491368844,0.032068412613575736,15.97
2005-04-01,4.21,3.66,57924.0,3335.8,53.04,193.7,16.01,0.0,,1422.42,0.5499999999999998,-364852.0,0.008525819325190476,0.03361792956243326,16.01
2005-05-01,4.0,3.6,-36190.0,3347.4,49.83,193.6,16.04,0.0,,1542.63,0.3999999999999999,-338579.0,0.0035977693829825075,0.02869287991498415,16.04
2005-06-01,3.94,3.66,22473.0,3362.5,56.26,193.7,16.08,0.0,,1493.52,0.2799999999999998,-335230.0,0.011551999037333394,0.02541026998411855,16.08
2005-07-01,4.28,4.02,-53395.0,3358.2,58.7,194.9,16.15,0.0,,1605.14,0.2600000000000007,-319465.0,0.009226145755071302,0.03067160232681121,16.15
2005-08-01,4.02,3.84,-51036.0,3353.7,64.97,196.1,16.17,0.0,,1581.71,0.17999999999999972,-329369.0,0.004342357450886514,0.03646934460887952,16.17
2005-09-01,4.34,4.18,35234.0,3325.1,65.57,198.8,16.19,0.0,,1601.66,0.16000000000000014,-318746.0,-0.006483805426078737,0.04741833508956805,16.19
2005-10-01,4.57,4.4,-47277.0,3337.0,62.37,199.1,16.28,0.0,,1579.18,0.16999999999999993,-309405.0,-0.0020336144506251097,0.04350104821802936,16.28
2005-11-01,4.49,4.42,-83072.0,3362.2,58.3,198.1,16.3,0.0,,1672.56,0.07000000000000028,-335307.0,0.00610449458375717,0.03338549817423053,16.3
2005-12-01,4.39,4.41,10967.0,3375.8,59.43,198.1,16.36,0.0,,1645.2,-0.020000000000000462,-321779.0,0.007340654094055932,0.03338549817423053,16.36
2006-01-01,4.53,4.54,20964.0,3376.0,65.51,199.3,16.42,0.0,,1710.75,-0.009999999999999787,-308921.0,0.005989451413927593,0.04018789144050117,16.42
2006-02-01,4.55,4.69,-119237.0,3386.7,61.63,199.4,16.48,0.0,,1670.57,-0.14000000000000057,-314369.0,0.012163777644949247,0.0363825363825363,16.48
2006-03-01,4.86,4.82,-85281.0,3388.5,62.9,199.7,16.54,0.0,,1703.66,0.040000000000000036,-327926.0,0.014976785981728247,0.03417918177110302,16.54
2006-04-01,5.07,4.87,118841.0,3391.3,69.69,200.7,16.63,0.0,,1700.71,0.20000000000000018,-267009.0,0.01663768811079791,0.03613835828600931,16.63
2006-05-01,5.12,5.04,-42907.0,3385.8,70.94,201.3,16.65,0.0,,1579.58,0.08000000000000007,-273726.0,0.011471589890661438,0.03977272727272729,16.65
2006-06-01,5.15,5.16,20517.0,3396.4,70.96,201.8,16.72,0.0,,1575.23,-0.009999999999999787,-275682.0,0.01008178438661722,0.041817243159525175,16.72
2006-07-01,4.99,4.97,-33164.0,3398.8,74.41,202.9,16.78,0.0,,1509.43,0.020000000000000462,-255451.0,0.012089810017271274,0.041046690610569536,16.78
2006-08-01,4.74,4.79,-64717.0,3398.6,73.05,203.8,16.82,0.0,,1579.73,-0.04999999999999982,-269132.0,0.01338819810955072,0.03926568077511483,16.82
2006-09-01,4.64,4.71,56167.0,3428.4,63.87,202.8,16.87,0.0,,1654.13,-0.07000000000000028,-248199.0,0.03106673483504263,0.02012072434607637,16.87
2006-10-01,4.61,4.71,-49321.0,3468.1,58.88,201.9,16.93,0.0,,1732.54,-0.09999999999999964,-250243.0,0.03928678453700929,0.014063284781516971,16.93
2006-11-01,4.46,4.62,-73042.0,3483.8,59.37,202.0,16.98,0.0,,1791.25,-0.16000000000000014,-240213.0,0.03616679555053248,0.01968702675416467,16.98
2006-12-01,4.71,4.82,41961.0,3485.6,62.03,203.1,17.05,0.0,,1756.9,-0.11000000000000032,-209219.0,0.03252562355589772,0.025239777889954462,17.05
2007-01-01,4.83,4.94,38236.0,3497.7,54.57,203.437,17.09,0.0,,1792.28,-0.11000000000000032,-191947.0,0.03604857819905205,0.020757651781234232,17.09
2007-02-01,4.56,4.65,-119993.0,3492.2,59.26,204.226,17.16,0.0,,1761.65,-0.09000000000000075,-192703.0,0.031151268196179194,0.02420260782347028,17.16
2007-03-01,4.65,4.58,-96270.0,3490.1,60.56,205.288,17.22,0.0,,1772.36,0.07000000000000028,-203692.0,0.029983768629186835,0.027981972959439272,17.22
2007-04-01,4.63,4.6,177674.0,3516.2,63.97,205.904,17.27,0.0,,1867.75,0.03000000000000025,-144859.0,0.03682953439683878,0.025929247633283525,17.27
2007-05-01,4.9,4.92,-67699.0,3510.0,63.46,206.755,17.34,0.0,,1928.19,-0.019999999999999574,-169651.0,0.03668261562998398,0.02709885742672613,17.34
2007-06-01,5.03,4.87,27481.0,3518.1,67.48,207.234,17.41,0.0,,1934.1,0.16000000000000014,-162687.0,0.035832057472618084,0.02692765113974227,17.41
2007-07-01,4.78,4.56,-36447.0,3526.8,74.18,207.603,17.46,0.0,,1932.06,0.22000000000000064,-165970.0,0.0376603507120159,0.023178905864958077,17.46
2007-08-01,4.54,4.15,-116973.0,3562.0,72.39,207.667,17.5,0.0,,1988.73,0.3899999999999997,-218226.0,0.04807862060848578,0.01897448478900876,17.5
2007-09-01,4.59,3.97,112866.0,3555.0,79.93,208.547,17.55,0.0,,2091.11,0.6199999999999997,-161527.0,0.03692684634231713,0.028338264299802685,17.55
2007-10-01,4.48,3.94,-56838.0,3551.3,86.2,209.19,17.58,0.0,,2238.98,0.5400000000000005,-169044.0,0.023990081024191978,0.03610698365527476,17.58
2007-11-01,3.97,3.04,-98238.0,3535.5,94.62,210.834,17.63,0.0,,2089.1,0.9300000000000002,-194240.0,0.014840117113496643,0.04373267326732666,17.63
2007-12-01,4.04,3.05,48261.0,3538.8,91.73,211.445,17.68,0.0,,2084.93,0.9900000000000002,-187940.0,0.0152627955014919,0.04108813392417532,17.68
2008-01-01,3.67,2.17,17839.0,3541.2,92.95,212.174,17.74,1.0,,1841.42,1.5,-208337.0,0.012436744146153256,0.04294695655165981,17.74
2008-02-01,3.53,1.65,-175563.0,3573.5,95.35,212.687,17.8,1.0,,1745.27,1.88,-263907.0,0.023280453582269045,0.04142959270611968,17.8
2008-03-01,3.45,1.62,-48212.0,3591.0,105.56,213.448,17.87,1.0,,1781.93,1.83,-215849.0,0.02891034640841239,0.03974903550134434,17.87
2008-04-01,3.77,2.29,159282.0,3604.4,112.57,213.942,17.92,1.0,,1917.7,1.48,-234241.0,0.025083897389227117,0.039037609759888126,17.92
2008-05-01,4.06,2.66,-165927.0,3591.1,125.39,215.208,17.98,1.0,,2032.57,1.3999999999999995,-332469.0,0.023105413105413142,0.04088413823123993,17.98
2008-06-01,3.99,2.63,33547.0,3562.6,133.93,217.463,18.04,1.0,,1837.09,1.3600000000000003,-326403.0,0.012648872971205982,0.04935966105947864,18.04
2008-07-01,3.99,2.52,-102767.0,3559.1,133.44,219.016,18.1,1.0,,1849.15,1.4700000000000002,-392723.0,0.009158443915163739,0.054975120783418374,18.1
2008-08-01,3.83,2.36,-111914.0,3570.7,116.61,218.69,18.18,1.0,,1872.54,1.4700000000000002,-387664.0,0.00244244806288596,0.053080171620912386,18.18
2008-09-01,3.85,2.0,45734.0,3597.3,103.9,218.877,18.2,1.0,,1594.63,1.85,-454796.0,0.011898734177215209,0.04953319875136075,18.2
2008-10-01,4.01,1.56,-155533.0,3675.8,76.65,216.995,18.25,1.0,,1334.78,2.4499999999999997,-553491.0,0.035057584546504206,0.03731057889956513,18.25
2008-11-01,2.93,1.0,-125201.0,3766.2,57.44,213.153,18.31,1.0,,1185.75,1.9300000000000002,-580454.0,0.06525243954179039,0.010999174706166848,18.31
2008-12-01,2.25,0.76,-51754.0,3880.4,41.02,211.398,18.39,1.0,,1211.65,1.49,-680469.0,0.09652989714027349,-0.0002222800255385904,18.39
2009-01-01,2.87,0.94,-63457.0,3908.9,41.74,211.933,18.39,1.0,,1180.25,1.9300000000000002,-761765.0,0.10383485824014471,-0.0011358601902212717,18.39
2009-02-01,3.02,1.0,-193859.0,3909.0,39.16,212.705,18.44,1.0,,1116.99,2.02,-780061.0,0.09388554638309787,8.463140671510772e-05,18.44
2009-03-01,2.71,0.81,-191589.0,3943.9,47.98,212.495,18.49,1.0,,1237.01,1.9,-923438.0,0.09827346143135629,-0.004464787676623838,18.49
2009-04-01,3.16,0.91,-20907.0,3944.4,49.79,212.709,18.52,1.0,,1394.33,2.25,-1103627.0,0.0943291532571302,-0.005763244243767063,18.52
2009-05-01,3.47,0.92,-189651.0,3968.1,59.16,213.022,18.53,1.0,,1435.57,2.5500000000000003,-1127351.0,0.10498176046336782,-0.01015761495855172,18.53
2009-06-01,3.53,1.11,-94332.0,3940.1,69.68,214.79,18.56,1.0,,1477.25,2.42,-1255230.0,0.10596193791051478,-0.012291746182109153,18.56
2009-07-01,3.52,1.13,-180680.0,3943.3,64.09,214.726,18.59,0.0,,1603.36,2.39,-1333143.0,0.1079486387007953,-0.01958761003762277,18.59
2009-08-01,3.4,0.97,-103555.0,3929.6,71.06,215.445,18.67,0.0,,1625.19,2.4299999999999997,-1324784.0,0.10051250455092853,-0.014838355663267633,18.67
2009-09-01,3.31,0.95,-45207.0,3920.4,69.46,215.861,18.7,0.0,,1718.99,2.3600000000000003,-1415725.0,0.08981736302226673,-0.01377942862886472,18.7
2009-10-01,3.41,0.9,-176363.0,3920.9,75.82,216.509,18.74,0.0,,1667.13,2.5100000000000002,-1436555.0,0.06667936231568627,-0.002239682942003385,18.74
2009-11-01,3.21,0.67,-120287.0,3921.1,78.08,217.234,18.8,0.0,,1767.43,2.54,-1431641.0,0.04112898943231902,0.019145871744709275,18.8
2009-12-01,3.85,1.14,-91410.0,3915.7,74.3,217.347,18.84,0.0,,1860.31,2.71,-1471297.0,0.009097000309246317,0.028141231232083674,18.84
2010-01-01,3.63,0.82,-42634.0,3895.9,78.22,217.488,18.88,0.0,,1741.04,2.81,-1450474.0,-0.003325743815395632,0.026211113889767157,18.88
2010-02-01,3.61,0.81,-220909.0,3922.8,76.42,217.281,18.91,0.0,,1818.68,2.8,-1477524.0,0.0035303146584804157,0.02151336357866529,18.91
2010-03-01,3.84,1.02,-65387.0,3919.4,81.24,217.353,18.92,0.0,,1958.34,2.82,-1351322.0,-0.0062121250538806905,0.022861714393279886,18.92
2010-04-01,3.69,0.97,-82689.0,3934.8,84.48,217.403,18.96,0.0,,2000.63,2.7199999999999998,-1413104.0,-0.0024338302403407175,0.022067707525304403,18.96
2010-05-01,3.31,0.76,-135927.0,3963.4,73.84,217.29,19.01,0.0,,1852.39,2.55,-1359380.0,-0.0011844459565030219,0.020035489292185682,19.01
2010-06-01,2.97,0.61,-68422.0,3973.8,75.35,217.199,19.03,0.0,,1739.14,2.3600000000000003,-1333470.0,0.00855308240907604,0.011215605940686268,19.03
2010-07-01,2.94,0.55,-165043.0,3971.6,76.37,217.605,19.04,0.0,,1864.0,2.3899999999999997,-1317833.0,0.007176730149874411,0.013407784804821077,19.04
2010-08-01,2.47,0.47,-90526.0,3987.9,76.82,217.923,19.11,0.0,,1767.43,2.0,-1304804.0,0.014836115635179281,0.011501775395112546,19.11
2010-09-01,2.53,0.42,-34607.0,3994.8,75.31,218.275,19.11,0.0,,1998.04,2.11,-1294204.0,0.0189776553412917,0.011183122472331775,19.11
2010-10-01,2.63,0.34,-140432.0,4003.8,81.9,219.035,19.21,0.0,,2124.45,2.29,-1258273.0,0.021143104899385312,0.011666951489314625,19.21
2010-11-01,2.81,0.45,-150394.0,4003.1,84.14,219.59,19.21,0.0,,2117.33,2.36,-1288380.0,0.02091249904363579,0.01084544776600338,19.21
2010-12-01,3.3,0.61,-78134.0,4001.4,89.04,220.472,19.23,0.0,,2217.86,2.69,-1275104.0,0.02188625277728118,0.01437793022217937,19.23
2011-01-01,3.42,0.58,-49796.0,3998.7,89.42,221.187,19.33,0.0,,2281.91,2.84,-1282266.0,0.02638671423804495,0.017007834915029774,19.33
2011-02-01,3.42,0.69,-222507.0,4015.3,89.58,221.898,19.31,0.0,,2350.99,2.73,-1283864.0,0.02358009584990306,0.02124898173333145,19.31
2011-03-01,3.47,0.8,-188154.0,4020.6,102.94,223.046,19.3,0.0,,2338.99,2.67,-1406631.0,0.025820278614073544,0.02619241510354109,19.3
2011-04-01,3.32,0.61,-40387.0,4031.2,110.04,224.093,19.36,0.0,,2404.08,2.71,-1364329.0,0.0244993392294397,0.030772344447868694,19.36
2011-05-01,3.05,0.45,-57641.0,4052.1,101.33,224.806,19.41,0.0,,2372.54,2.5999999999999996,-1286043.0,0.02237977494070753,0.034589718808965,19.41
2011-06-01,3.18,0.45,-43080.0,4085.4,96.29,224.806,19.41,0.0,,2325.07,2.73,-1260701.0,0.028083949871659408,0.03502318150636041,19.41
2011-07-01,2.82,0.36,-129376.0,4146.9,97.19,225.395,19.48,0.0,,2362.81,2.46,-1225034.0,0.04413838251586255,0.035798809769996165,19.48
2011-08-01,2.23,0.2,-134143.0,4215.9,86.33,226.106,19.47,0.0,,2241.01,2.03,-1268651.0,0.057172948168208615,0.0375499603070808,19.47
2011-09-01,1.92,0.25,-62750.0,4216.0,85.61,226.597,19.49,0.0,,2139.18,1.67,-1296794.0,0.05537198357865214,0.03812621692818685,19.49
2011-10-01,2.17,0.25,-98466.0,4227.7,86.41,226.75,19.56,0.0,,2360.08,1.92,-1254828.0,0.05592187421949135,0.035222681306640524,19.56
2011-11-01,2.08,0.25,-137302.0,4243.3,97.21,227.169,19.56,0.0,,2295.2,1.83,-1241736.0,0.06000349728960064,0.03451432214581729,19.56
2011-12-01,1.89,0.25,-85967.0,4261.7,98.57,227.223,19.57,0.0,,2277.83,1.64,-1249569.0,0.0650522317188984,0.03062066838419386,19.57
2012-01-01,1.83,0.22,-27407.0,4280.7,100.24,227.842,19.59,0.0,,2467.95,1.61,-1227180.0,0.07052291994898341,0.030087663379855023,19.59
2012-02-01,1.98,0.3,-231677.0,4294.8,102.25,228.329,19.58,0.0,,2623.1,1.68,-1236350.0,0.06960874654446747,0.028981784423473878,19.58
2012-03-01,2.23,0.33,-198157.0,4304.6,106.19,228.807,19.64,0.0,,2755.27,1.9,-1246353.0,0.07063622344923659,0.025828752813320977,19.64
2012-04-01,1.95,0.27,59117.0,4321.8,103.33,229.187,19.68,0.0,,2723.68,1.68,-1146849.0,0.07208771581663043,0.022731633741348567,19.68
2012-05-01,1.59,0.27,-124636.0,4351.3,94.7,228.713,19.68,0.0,,2524.87,1.32,-1213844.0,0.07383825670639932,0.01737942937466075,19.68
2012-06-01,1.67,0.33,-59741.0,4386.3,82.41,228.524,19.71,0.0,,2615.72,1.3399999999999999,-1230505.0,0.07365251872521661,0.01653870448297634,19.71
2012-07-01,1.51,0.23,-69604.0,4407.9,87.93,228.59,19.75,0.0,,2642.53,1.28,-1170733.0,0.06293858062649216,0.014175114798464783,19.75
2012-08-01,1.57,0.22,-190533.0,4413.7,94.16,229.918,19.74,0.0,,2772.24,1.35,-1227123.0,0.04691762138570654,0.016859349154821235,19.74
2012-09-01,1.65,0.23,75180.0,4427.6,94.72,231.015,19.79,0.0,,2799.19,1.42,-1089193.0,0.050189753320683206,0.019497168982819613,19.79
2012-10-01,1.72,0.3,-119995.0,4444.2,89.57,231.638,19.79,0.0,,2647.92,1.42,-1110722.0,0.051209877711285046,0.021556780595369363,19.79
2012-11-01,1.62,0.25,-172112.0,4482.4,86.66,231.249,19.84,0.0,,2677.88,1.37,-1145532.0,0.05634765394857766,0.017960197033926262,19.84
2012-12-01,1.78,0.25,-1191.0,4534.8,88.25,231.221,19.9,0.0,,2660.93,1.53,-1060756.0,0.06408240842856139,0.017595049796895523,19.9
2013-01-01,2.02,0.27,2886.0,4533.1,94.69,231.679,19.93,0.0,,2731.53,1.75,-1030463.0,0.058962319246852246,0.01684061762098299,19.93
2013-02-01,1.89,0.25,-203539.0,4517.5,95.32,232.937,19.99,0.0,,2738.58,1.64,-1002325.0,0.051853404116606105,0.020181404902574807,19.99
2013-03-01,1.87,0.25,-106530.0,4554.2,93.05,232.282,20.01,0.0,,2818.69,1.62,-910698.0,0.05798448171723258,0.015187472411246183,20.01
2013-04-01,1.7,0.22,112889.0,4576.8,92.07,231.797,20.04,0.0,,2887.44,1.48,-856926.0,0.05900319311398028,0.01138808047576867,20.04
2013-05-01,2.16,0.3,-138732.0,4591.1,94.8,231.893,20.05,0.0,,2981.76,1.86,-871022.0,0.055109967136258264,0.013903888279197085,20.05
2013-06-01,2.52,0.36,116501.0,4605.6,95.8,232.445,20.13,0.0,,2909.6,2.16,-694780.0,0.049996580261268075,0.017157935271568725,20.13
2013-07-01,2.6,0.31,-97597.0,4612.7,104.61,232.9,20.14,0.0,,3090.19,2.29,-722773.0,0.046462034075183345,0.01885471805415806,20.14
2013-08-01,2.78,0.39,-147905.0,4627.7,106.57,233.456,20.17,0.0,,3073.81,2.3899999999999997,-680145.0,0.04848539773885863,0.01538809488600279,20.17
2013-09-01,2.64,0.33,75114.0,4652.6,106.29,233.544,20.23,0.0,,3218.2,2.31,-680211.0,0.050817598699069544,0.010947341081747997,20.23
2013-10-01,2.57,0.31,-90586.0,4702.9,100.54,233.669,20.25,0.0,,3377.73,2.26,-650802.0,0.05821070158858732,0.00876799143491147,20.25
2013-11-01,2.75,0.28,-135226.0,4698.8,93.86,234.1,20.31,0.0,,3487.82,2.4699999999999998,-613916.0,0.048277708370515926,0.012328701961954458,20.31
2013-12-01,3.04,0.38,53220.0,4713.0,97.63,234.719,20.34,0.0,,3592.0,2.66,-559505.0,0.039296110082032154,0.015128383667573297,20.34
2014-01-01,2.67,0.34,-10250.0,4729.3,94.62,235.288,20.39,0.0,,3521.92,2.33,-572641.0,0.0432816394961506,0.01557758795574915,20.39
2014-02-01,2.66,0.33,-193532.0,4751.5,100.82,235.547,20.51,0.0,,3696.1,2.33,-562634.0,0.05179856115107917,0.011204746347724948,20.51
2014-03-01,2.73,0.44,-36895.0,4757.4,100.8,236.028,20.5,0.0,,3595.74,2.29,-492999.0,0.04461815467041408,0.016126949139408042,20.5
2014-04-01,2.67,0.42,106853.0,4768.5,102.07,236.468,20.51,0.0,,3582.02,2.25,-499035.0,0.04188515993707398,0.02015125303606169,20.51
2014-05-01,2.48,0.37,-129971.0,4787.8,102.18,236.918,20.53,0.0,,3736.82,2.11,-490274.0,0.04284376293263059,0.02166947687079812,20.53
2014-06-01,2.53,0.47,70519.0,4804.8,105.79,237.231,20.6,0.0,,3849.48,2.0599999999999996,-536256.0,0.0432516935904117,0.020589816945944195,20.6
2014-07-01,2.58,0.53,-94621.0,4822.1,103.59,237.498,20.61,0.0,,3892.5,2.05,-533280.0,0.04539640557591018,0.019742378703305974,20.61
2014-08-01,2.35,0.48,-128677.0,4833.6,96.54,237.46,20.66,0.0,,4082.56,1.87,-514052.0,0.044492944659334066,0.017150983482969062,20.66
2014-09-01,2.52,0.58,105803.0,4851.3,93.21,237.477,20.66,0.0,,4049.44,1.94,-483363.0,0.04270730344323592,0.016840509711232077,20.66
2014-10-01,2.35,0.5,-121713.0,4884.2,84.4,237.43,20.7,0.0,,4158.21,1.85,-514490.0,0.03855068149439722,0.016095417021513292,20.7
2014-11-01,2.18,0.47,-56818.0,4911.3,75.79,236.983,20.77,0.0,,4337.78,1.7100000000000002,-436082.0,0.04522431259044857,0.01231524989320798,20.77
2014-12-01,2.17,0.67,1864.0,4961.3,59.29,236.252,20.71,0.0,,4236.28,1.5,-487438.0,0.05268406535115644,0.006531213919623191,20.71
2015-01-01,1.68,0.47,-14996.0,5029.3,47.22,234.747,20.8,0.0,,4148.43,1.21,-492184.0,0.0634343348909987,-0.002299309782054282,20.8
2015-02-01,2.0,0.63,-192359.0,5065.3,50.58,235.342,20.84,0.0,,4440.67,1.37,-491011.0,0.06604230243081144,-0.0008703146293520536,20.84
2015-03-01,1.94,0.56,-52910.05993036,5051.0,47.82,235.976,20.91,0.0,,4333.69,1.38,-507026.05993036,0.061714381805187735,-0.00022031284423873476,20.91
2015-04-01,2.05,0.58,156714.07843925,5060.2,54.45,236.222,20.92,0.0,,4414.25,1.4699999999999998,-457164.98149110994,0.061172276397189806,-0.0010403098939391064,20.92
2015-05-01,2.12,0.61,-82385.27841904,5055.6,59.27,237.001,20.98,0.0,,4508.25,1.5100000000000002,-409579.25991014997,0.055933831822549074,0.0003503321824429584,20.98
2015-06-01,2.35,0.64,51775.76400154,5058.1,59.82,237.657,21.0,0.0,,4396.76,1.71,-428322.49590861,0.05271811521811531,0.001795718097550525,21.0
2015-07-01,2.2,0.67,-149186.76611285,5068.0,50.9,238.034,21.03,0.0,,4588.91,1.5300000000000002,-482888.26202146,0.050994380041890386,0.0022568611104094582,21.03
2015-08-01,2.21,0.74,-64420.51991251,5087.6,42.87,238.033,21.11,0.0,,4274.58,1.47,-418631.78193397,0.05254882489241974,0.002413037985344868,21.11
2015-09-01,2.06,0.64,91060.53109438,5125.4,45.48,237.498,21.09,0.0,,4181.06,1.42,-433374.25083959004,0.05650031950198908,8.842961634170088e-05,21.09
2015-10-01,2.16,0.75,-136532.08481492,5143.8,46.22,237.733,21.19,0.0,,4648.83,1.4100000000000001,-448193.33565450995,0.053150976618484114,0.0012761656067050708,21.19
2015-11-01,2.21,0.94,-64552.91957894,5177.2,42.44,238.017,21.21,0.0,,4664.51,1.27,-455928.25523345,0.054140451611589535,0.004363182169185187,21.21
2015-12-01,2.27,1.06,-14443.9438535,5212.6,37.19,237.761,21.23,0.0,,4593.27,1.21,-472236.19908695,0.05065204684256153,0.006387247515364791,21.23
2016-01-01,1.94,0.76,55163.28851489,5269.1,31.68,237.652,21.31,0.0,,4279.17,1.18,-402076.91057206,0.047680591732447875,0.012375025026943876,21.31
2016-02-01,1.74,0.78,-192614.00170636,5310.8,30.32,237.336,21.33,0.0,,4201.12,0.96,-402331.91227841994,0.04846702070953346,0.008472775790126619,21.33
2016-03-01,1.78,0.73,-108042.73073878,5318.5,37.55,238.08,21.39,0.0,,4483.66,1.05,-457464.58308684,0.052959809938625924,0.008916160965521946,21.39
2016-04-01,1.83,0.77,106451.87183668,5331.5,40.75,238.992,21.46,0.0,,4341.3,1.06,-507726.78968940995,0.05361448164104199,0.011726257503534843,21.46
2016-05-01,1.84,0.87,-52507.41284454,5343.5,46.71,239.557,21.48,0.0,,4523.89,0.9700000000000001,-477848.92411491,0.05694675211646483,0.010784764621246223,21.48
2016-06-01,1.49,0.58,6251.98744016,5348.9,48.76,240.222,21.52,0.0,,4417.7,0.91,-523372.70067628997,0.05749194361519128,0.010792865347959424,21.52
2016-07-01,1.46,0.67,-112815.2385045,5375.8,44.65,240.101,21.58,0.0,,4730.23,0.7899999999999999,-487001.17306794,0.060734017363851756,0.008683633430518256,21.58
2016-08-01,1.58,0.8,-107111.57568004,5398.9,44.72,240.545,21.6,0.0,,4771.05,0.78,-529692.2288354699,0.06118798647692425,0.010553158595656864,21.6
2016-09-01,1.6,0.77,33359.49405496,5412.1,45.18,241.176,21.62,0.0,,4875.7,0.8300000000000001,-587393.26587489,0.05593709759238319,0.015486446201652182,21.62
2016-10-01,1.84,0.86,-44192.20097674,5429.2,49.78,241.741,21.71,0.0,2126.15,4801.27,0.9800000000000001,-495053.3820367099,0.055484272327851025,0.01685924966243646,21.71
2016-11-01,2.37,1.11,-136650.57490356,5459.8,45.66,242.026,21.71,0.0,2198.81,4810.81,1.26,-567151.03736133,0.054585490226377154,0.016843334719788938,21.71
2016-12-01,2.45,1.2,-27515.79855866,5457.0,51.97,242.637,21.76,0.0,2238.83,4863.62,1.2500000000000002,-580222.89206649,0.04688639066876399,0.020507989115119862,21.76
2017-01-01,2.45,1.19,51257.177643,5467.1,52.5,243.618,21.82,0.0,2278.87,5116.77,1.2600000000000002,-584129.0029383799,0.03757757491791769,0.025103933482571117,21.82
2017-02-01,2.36,1.22,-192044.46533546,5489.7,53.47,244.006,21.85,0.0,2363.64,5330.31,1.14,-583559.46656748,0.03368607366121856,0.028103616813294208,21.85
2017-03-01,2.4,1.27,-176232.32530805,5520.7,49.33,243.892,21.88,0.0,2362.72,5436.23,1.13,-651749.06113675,0.03801823822506334,0.0244119623655914,21.88
2017-04-01,2.29,1.28,182428.05764871,5536.7,51.06,244.193,21.94,0.0,2384.2,5583.53,1.01,-575772.87532472,0.03848823032917559,0.02176223471915395,21.94
2017-05-01,2.21,1.28,-88425.99436618,5560.3,48.48,244.004,21.97,0.0,2411.8,5788.8,0.9299999999999999,-611691.45684636,0.04057265836998236,0.018563431667619756,21.97
2017-06-01,2.31,1.38,-90233.19107067,5560.6,45.18,244.163,22.02,0.0,2423.41,5646.92,0.9300000000000002,-708176.6353571899,0.03957823103815761,0.01640565809959127,22.02
2017-07-01,2.3,1.34,-42939.37760097,5584.0,46.63,244.243,22.07,0.0,2470.3,5880.33,0.9599999999999997,-638300.77445366,0.03872911938688195,0.017251073506566073,22.07
2017-08-01,2.12,1.33,-107688.77677988,5585.6,48.04,245.183,22.1,0.0,2471.65,5988.6,0.79,-638877.9755535,0.03458111837596567,0.0192812155729698,22.1
2017-09-01,2.33,1.47,8000.08293523,5576.7,49.82,246.435,22.18,0.0,2519.36,5979.3,0.8600000000000001,-664237.38667323,0.030413333086971583,0.021805652303711787,22.18
2017-10-01,2.38,1.6,-63214.01796695,5596.1,51.58,246.626,22.18,0.0,2575.26,6248.56,0.7799999999999998,-683259.20366344,0.030741177337361147,0.02020757753132485,22.18
2017-11-01,2.42,1.78,-138547.43781759,5600.5,56.64,247.284,22.22,0.0,2647.58,6365.56,0.6399999999999999,-685156.06657747,0.0257701747316752,0.02172493864295566,22.22
2017-12-01,2.4,1.89,-23193.55948872,5604.1,57.88,247.805,22.29,0.0,2673.61,6396.42,0.51,-680833.8275075299,0.026956203041964555,0.021299307195522532,22.29
2018-01-01,2.72,2.14,49235.72070792,5586.5,63.7,248.859,22.36,0.0,2823.81,6949.99,0.5800000000000001,-682855.28444261,0.021839732216348606,0.02151318868063945,22.36
2018-02-01,2.87,2.25,-215248.1724224,5590.5,62.23,249.529,22.41,0.0,2713.83,6854.42,0.6200000000000001,-706058.9915295499,0.018361659107055006,0.02263468931091861,22.41
2018-03-01,2.74,2.27,-208743.24980988,5615.3,62.73,249.577,22.49,0.0,2640.87,6581.13,0.4700000000000002,-738569.91603138,0.017135508178310888,0.023309497646499366,22.49
2018-04-01,2.95,2.49,214255.11366731,5608.8,66.25,250.227,22.55,0.0,2648.05,6605.57,0.45999999999999996,-706742.86001278,0.01302219733776444,0.024709963021052994,22.55
2018-05-01,2.83,2.4,-146796.44336556,5618.6,69.98,250.792,22.6,0.0,2705.27,6967.73,0.43000000000000016,-765113.30901216,0.010485045770911583,0.02781921607842497,22.6
2018-06-01,2.85,2.52,-74857.99046356,5630.4,67.87,251.018,22.66,0.0,2718.37,7040.8,0.33000000000000007,-749738.10840505,0.012552602237168475,0.028075506935940187,22.66
2018-07-01,2.96,2.67,-76865.22967062,5640.6,70.98,251.214,22.7,0.0,2816.29,7231.98,0.29000000000000004,-783663.9604747,0.01013610315186253,0.02854124785561929,22.7
2018-08-01,2.86,2.62,-214147.52548064,5650.9,68.06,251.663,22.78,0.0,2901.52,7654.55,0.23999999999999977,-890122.70917546,0.011690776281867432,0.026429238568742575,22.78
2018-09-01,3.05,2.81,119116.00888032,5648.3,70.23,252.182,22.86,0.0,2913.98,7627.65,0.23999999999999977,-779006.7832303699,0.012839134255025364,0.02332055105808828,22.86
2018-10-01,3.15,2.87,-100491.14254473,5640.5,70.75,252.772,22.89,0.0,2711.74,6967.1,0.2799999999999998,-816283.90780815,0.007934096960383163,0.02492032470218053,22.89
2018-11-01,3.01,2.8,-204902.55739878,5656.7,56.96,252.594,23.0,0.0,2760.17,6949.01,0.20999999999999996,-882639.0273893401,0.010034818319792915,0.02147328577667773,23.0
2018-12-01,2.69,2.48,-13539.35862905,5693.8,49.52,252.767,23.11,0.0,2506.85,6329.96,0.20999999999999996,-872984.82652967,0.016006138362984146,0.020023809043401064,23.11
2019-01-01,2.63,2.45,8682.86661098,5725.4,51.38,252.561,23.13,0.0,2704.1,6906.84,0.17999999999999972,-913537.6806266101,0.024863510247919107,0.014875893578291333,23.13
2019-02-01,2.73,2.52,-233977.2488268,5726.6,54.95,253.319,23.19,0.0,2784.49,7097.53,0.20999999999999996,-932266.7570310101,0.024344870762901483,0.015188615351321877,23.19
2019-03-01,2.41,2.27,-146944.76565389,5725.8,58.15,254.277,23.29,0.0,2834.4,7378.77,0.14000000000000012,-870468.27287502,0.019678378715295652,0.018831863513063984,23.29
2019-04-01,2.51,2.27,160304.50890986,5717.9,63.86,255.233,23.33,0.0,2945.83,7781.46,0.23999999999999977,-924418.8776324701,0.019451576094708267,0.020005834702090608,23.33
2019-05-01,2.14,1.95,-207768.39134666,5759.3,60.83,255.296,23.4,0.0,2752.06,7127.96,0.19000000000000017,-985390.82561357,0.025041825365749393,0.017959105553606136,23.4
2019-06-01,2.0,1.75,-8476.31845422,5798.6,54.66,255.213,23.48,0.0,2941.76,7671.07,0.25,-919009.15360423,0.029873543620346776,0.01671194894390049,23.48
2019-07-01,2.02,1.89,-119695.80619346,5818.1,57.35,255.802,23.53,0.0,2980.38,7848.78,0.13000000000000012,-961839.7301270701,0.03146828351593811,0.01826331335037068,23.53
2019-08-01,1.5,1.5,-200344.34892913,5848.6,54.81,256.036,23.61,0.0,2926.46,7691.0,0.0,-948036.55357556,0.03498557751862541,0.017376412106666406,23.61
2019-09-01,1.68,1.63,82767.65846478,5868.0,56.95,256.43,23.68,0.0,2976.74,7749.45,0.050000000000000044,-984384.9039911,0.038896659171786085,0.016844977040391562,23.68
2019-10-01,1.69,1.52,-134467.56493381,5905.2,53.96,257.155,23.75,0.0,3037.56,8083.83,0.16999999999999993,-1018361.32638018,0.046928463788671104,0.017339736996186295,23.75
2019-11-01,1.78,1.61,-208838.29445674,5933.5,57.03,257.879,23.83,0.0,3140.98,8403.68,0.16999999999999993,-1022297.06343814,0.048933123552601376,0.020922903948629168,23.83
2019-12-01,1.92,1.58,-13272.55731642,5935.7,59.88,258.63,23.85,0.0,3230.78,8733.07,0.33999999999999986,-1022030.26212551,0.04248480803681187,0.023195274699624457,23.85
2020-01-01,1.51,1.33,-32593.28000764,5952.7,57.52,259.127,23.91,0.0,3225.52,8991.51,0.17999999999999994,-1063306.40874413,0.03970028294966288,0.02599767976845202,23.91
2020-02-01,1.13,0.86,-235335.21387457,5976.0,50.54,259.25,24.03,0.0,2954.22,8461.83,0.2699999999999999,-1064664.3737919,0.043551147277616664,0.023413166797595197,24.03
2020-03-01,0.7,0.23,-119125.16471802,6213.1,29.21,258.076,24.12,1.0,2584.59,7813.5,0.47,-1036844.77285603,0.0851060113870552,0.014940399642909163,24.12
2020-04-01,0.64,0.2,-737850.62107965,6664.8,16.55,256.032,25.14,1.0,2912.43,9000.51,0.44,-1934999.90284554,0.16560275625666776,0.003130472940411133,25.14
2020-05-01,0.65,0.16,-398821.41365968,7010.1,28.56,255.802,24.98,0.0,3044.31,9555.52,0.49,-2126052.9251585603,0.21717917107981877,0.001982013035848551,24.98
2020-06-01,0.66,0.16,-864074.06849171,7072.8,38.31,257.042,24.78,0.0,3100.29,10156.85,0.5,-2981650.67519605,0.21974269651295142,0.007166562831830481,24.78
2020-07-01,0.55,0.11,-62991.72639454,7095.5,40.71,258.352,24.69,0.0,3271.12,10905.88,0.44000000000000006,-2924946.59539713,0.2195562125092383,0.009968647625897997,24.69
2020-08-01,0.72,0.14,-200095.01510766,7100.7,42.34,259.316,24.8,0.0,3500.31,12110.7,0.58,-2924697.2615756597,0.21408542215230986,0.012810698495523853,24.8
2020-09-01,0.69,0.13,-124610.55841919,7155.9,39.63,259.997,24.82,0.0,3363.0,11418.06,0.5599999999999999,-3132075.47845963,0.21947852760736186,0.013910228912373812,24.82
2020-10-01,0.88,0.14,-284070.53717284,7206.5,39.4,260.319,24.84,0.0,3269.96,11052.95,0.74,-3281678.45069866,0.22036510194404935,0.012303863428671624,24.84
2020-11-01,0.84,0.16,-145266.26352985,7283.1,40.94,260.911,24.94,0.0,3621.63,12268.32,0.6799999999999999,-3218106.41977177,0.22745428499199472,0.011757452138405844,24.94
2020-12-01,0.93,0.13,-143562.32743913,7296.2,47.02,262.045,25.16,0.0,3756.07,12888.28,0.8,-3348396.18989448,0.22920632781306338,0.013204191315779434,25.16
2021-01-01,1.11,0.11,-162832.48946754,7375.8,52.0,262.687,25.16,0.0,3714.24,12925.38,1.0,-3478635.39935438,0.2390679859559528,0.013738437137002402,25.16
2021-02-01,1.44,0.14,-310921.94250467,7451.8,59.04,263.579,25.25,0.0,3811.15,12909.44,1.2999999999999998,-3554222.12798448,0.24695448460508707,0.016698167791706853,25.25
2021-03-01,1.74,0.16,-659591.61844058,7500.9,62.33,264.961,25.33,0.0,3972.89,13091.44,1.58,-4094688.58170704,0.2072717323075437,0.026678187820641908,25.33
2021-04-01,1.65,0.16,-225579.46032577,7566.8,61.72,266.614,25.52,0.0,4181.17,13860.76,1.49,-3582417.42095316,0.13533789461049084,0.04133077115360573,25.52
2021-05-01,1.58,0.14,-131953.06316821,7622.5,65.17,268.383,25.68,0.0,4204.11,13686.51,1.44,-3315549.07046169,0.08735966676652263,0.04918257089467626,25.68
2021-06-01,1.45,0.25,-174160.55026216,7564.2,71.38,270.654,25.82,0.0,4297.5,14554.8,1.2,-2625635.55223214,0.06947743467933476,0.05295632620349999,25.82
2021-07-01,1.24,0.19,-302050.4883435,7587.3,72.49,271.903,25.97,0.0,4395.26,14959.9,1.05,-2864694.3141810996,0.06931153548023405,0.05245169381309234,25.97
2021-08-01,1.3,0.2,-170634.65366187,7644.2,67.73,272.676,26.12,0.0,4522.68,15582.51,1.1,-2835233.9527353104,0.07654174940498826,0.05152015301793966,26.12
2021-09-01,1.52,0.28,-61544.25121268,7661.4,71.65,273.91,26.3,0.0,4307.54,14689.62,1.24,-2772167.6455288,0.07064100951662255,0.05351215590949132,26.3
2021-10-01,1.55,0.48,-165055.36693325,7652.9,81.48,276.55,26.45,0.0,4605.38,15850.47,1.07,-2653152.4752892097,0.06194407826267945,0.06235042390298062,26.45
2021-11-01,1.43,0.52,-191335.04052197,7651.3,79.15,278.919,26.56,0.0,4567.0,16135.92,0.9099999999999999,-2699221.25228133,0.0505553953673572,0.06901970403700863,26.56
2021-12-01,1.52,0.73,-21303.12942523,7656.5,71.71,280.845,26.76,0.0,4766.18,16320.08,0.79,-2576962.0542674297,0.049381870014528095,0.07174340285065539,26.76
2022-01-01,1.79,1.18,118698.85824166,7661.6,83.22,282.543,26.91,0.0,4515.55,14930.05,0.6100000000000001,-2295430.7065582303,0.03874833916320952,0.07558805726967832,26.91
2022-02-01,1.83,1.44,-216589.75205605,7636.4,91.64,284.5,26.97,0.0,4373.94,14237.81,0.3900000000000001,-2201098.51610961,0.02477253817869496,0.07937278766517819,26.97
2022-03-01,2.32,2.28,-192682.38665693,7573.9,108.5,287.674,27.1,0.0,4530.41,14838.49,0.040000000000000036,-1734189.28432596,0.00973216547347655,0.08572204966013852,27.1
2022-04-01,2.89,2.7,308215.06052679,7543.8,101.78,288.561,27.28,0.0,4131.93,12854.8,0.18999999999999995,-1200394.7634734,-0.003039594015964431,0.08231750770777224,27.28
2022-05-01,2.85,2.53,-66222.56120958,7455.6,109.55,291.298,27.4,0.0,4132.15,12642.1,0.3200000000000003,-1134664.2615147699,-0.02189570350934733,0.08538171195642064,27.4
2022-06-01,2.98,2.92,-88841.51292609,7339.0,114.84,294.957,27.52,0.0,3785.38,11503.72,0.06000000000000005,-1049345.2241787,-0.029771819888421702,0.08979361103105798,27.52
2022-07-01,2.67,2.89,-211051.76005026,7340.9,101.62,294.913,27.66,0.0,4130.29,12947.97,-0.2200000000000002,-958346.4958854599,-0.032475320601531577,0.08462576727730098,27.66
2022-08-01,3.15,3.45,-219596.24094964,7333.8,93.67,295.097,27.75,0.0,3955.0,12272.03,-0.30000000000000027,-1007308.08317323,-0.040605949608853775,0.08222579178218825,27.75
2022-09-01,3.83,4.22,-429673.47896184,7268.9,84.26,296.349,27.87,0.0,3585.62,10971.22,-0.3899999999999997,-1375437.3109223899,-0.05123084553736912,0.08192106896425821,27.87
2022-10-01,4.1,4.51,-87797.83631139,7202.6,87.55,298.007,27.99,0.0,3871.98,11405.57,-0.41000000000000014,-1298179.78030053,-0.05884043957192686,0.07758813957693,27.99
2022-11-01,3.68,4.38,-248534.88065258,7165.5,84.37,298.786,28.11,0.0,4080.11,12030.06,-0.6999999999999997,-1355379.6204311398,-0.06349247840236305,0.07122856456533988,28.11
2022-12-01,3.88,4.41,-85000.73657788,7125.5,76.44,298.832,28.22,0.0,3839.5,10939.76,-0.5300000000000002,-1419077.22758379,-0.06935283745836873,0.06404600402357152,28.22
2023-01-01,3.52,4.21,-38783.77183922,7081.4,78.12,300.42,28.31,0.0,4076.6,12101.93,-0.69,-1576559.8576646699,-0.0757283074031535,0.06327178517960097,28.31
2023-02-01,3.92,4.81,-262433.84319423,7046.0,76.83,301.45,28.42,0.0,3970.15,12042.12,-0.8899999999999997,-1622403.9488028497,-0.0773139175527735,0.05957820738137087,28.42
2023-03-01,3.48,4.06,-378076.31647174,6938.6,73.28,301.821,28.56,0.0,4109.31,13181.35,-0.5799999999999996,-1807797.87861766,-0.08388016741705062,0.04917719362889961,28.56
2023-04-01,3.44,4.04,176180.79034912,6854.4,79.45,302.845,28.7,0.0,4169.48,13245.99,-0.6000000000000001,-1939832.1487953302,-0.09138630398472924,0.049500798791243694,28.7
2023-05-01,3.64,4.4,-240348.23965837,6866.8,71.58,303.334,28.78,0.0,4179.83,14254.09,-0.7600000000000002,-2113957.82724412,-0.0789741938945222,0.04131851231385042,28.78
2023-06-01,3.81,4.87,-227768.41253805,6841.4,70.25,304.014,28.89,0.0,4450.38,15179.21,-1.06,-2252884.72685608,-0.06780215288186409,0.03070617072997095,28.89
2023-07-01,3.97,4.88,-220782.0973536,6825.9,76.07,304.609,29.01,0.0,4588.96,15757.0,-0.9099999999999997,-2262615.06415942,-0.07015488564072525,0.03287749268428297,29.01
2023-08-01,4.09,4.85,89255.57269373,6789.7,81.39,306.082,29.06,0.0,4507.66,15501.07,-0.7599999999999998,-1953763.25051605,-0.07419073331697079,0.03722504803505289,29.06
2023-09-01,4.59,5.03,-170982.20087478,6754.1,89.43,307.276,29.18,0.0,4288.05,14715.24,-0.4400000000000004,-1695071.97242899,-0.070822270219703,0.03687206638119256,29.18
2023-10-01,4.88,5.07,-66563.55112973,6739.6,85.64,307.696,29.26,0.0,4193.8,14409.78,-0.1900000000000004,-1673837.6872473299,-0.06428234248743514,0.032512659098611785,29.26
2023-11-01,4.37,4.73,-314012.00228709,6733.7,77.69,308.148,29.37,0.0,4567.8,15947.87,-0.3600000000000003,-1739314.80888184,-0.06026097271648878,0.031333462745911866,29.37
2023-12-01,3.88,4.23,-129365.41491979,6730.5,71.9,308.741,29.47,0.0,4769.83,16825.93,-0.35000000000000053,-1783679.48722375,-0.055434706336397466,0.033159099427102934,29.47
2024-01-01,3.99,4.27,-21930.35633102,6727.7,74.15,309.698,29.61,0.0,4845.65,17137.24,-0.27999999999999936,-1766826.07171555,-0.049947750444827244,0.030883429864855705,29.61
2024-02-01,4.25,4.64,-296274.64807989,6727.9,77.25,310.967,29.66,0.0,5096.27,18043.85,-0.3899999999999997,-1800666.87660121,-0.045146182231053156,0.03157074141648697,29.66
2024-03-01,4.2,4.59,-236456.8239502,6712.4,81.28,312.345,29.78,0.0,5254.35,18254.69,-0.3899999999999997,-1659047.38407967,-0.03260023635891973,0.034868349120836584,29.78
2024-04-01,4.69,5.04,209529.30662533,6694.5,85.35,313.023,29.85,0.0,5035.69,17440.69,-0.34999999999999964,-1625698.86780346,-0.02332808123249297,0.033607951262196734,29.85
2024-05-01,4.51,4.89,-347130.89369165,6712.4,80.02,313.175,29.97,0.0,5277.51,18536.65,-0.3799999999999999,-1732481.52183674,-0.02248500029125655,0.03244278584003113,29.97
2024-06-01,4.36,4.71,-65965.29247634,6730.9,79.77,313.044,30.07,0.0,5460.48,19682.87,-0.34999999999999964,-1570678.4017750302,-0.016151664863916726,0.029702579486470926,30.07
2024-07-01,4.09,4.29,-243741.08729743,6728.6,81.8,313.569,30.16,0.0,5522.3,19362.43,-0.20000000000000018,-1593637.3917188598,-0.014254530538097443,0.029414757935583014,30.16
2024-08-01,3.91,3.91,-380080.4054345,6747.7,76.68,314.062,30.27,0.0,5648.4,19574.64,0.0,-2062973.3698470902,-0.006185840316950686,0.02607144490692037,30.27
2024-09-01,3.81,3.66,64263.00886774,6759.9,70.24,314.732,30.39,0.0,5762.48,20060.69,0.1499999999999999,-1827728.16010457,0.0008587376556461468,0.024264830315416708,30.39
2024-10-01,4.28,4.16,-257450.34319191,6760.0,71.99,315.631,30.48,0.0,5705.45,19890.42,0.1200000000000001,-2018614.95216675,0.003026885868597562,0.02578844053871343,30.48
2024-11-01,4.18,4.13,-366763.06436807,6778.1,69.95,316.528,30.56,0.0,6032.38,20930.37,0.04999999999999982,-2071366.0142477301,0.006593700343050735,0.02719472461284833,30.56
2024-12-01,4.58,4.25,-86731.61901329,6765.5,70.12,317.604,30.66,0.0,5881.63,21012.17,0.33000000000000007,-2028732.21834123,0.005200208008320439,0.028706909675099812,30.66
2025-01-01,4.58,4.22,-128640.20667349,6753.0,75.74,318.961,30.79,0.0,6040.53,21478.05,0.3600000000000003,-2135442.0686837,0.003760571963672632,0.029909783078999608,30.79
2025-02-01,4.24,3.99,-307017.19469927,6759.0,71.53,319.679,30.89,0.0,5954.5,20884.41,0.25,-2146184.61530308,0.00462254195216949,0.028015834477613355,30.89
2025-03-01,4.23,3.89,-160530.32149936,6780.8,68.24,319.785,31.02,0.0,5611.85,19278.45,0.3400000000000003,-2070258.1128522402,0.010190095941839061,0.02381981462805549,31.02
2025-04-01,4.17,3.6,258399.94911496,6797.0,63.54,320.302,31.09,0.0,5569.06,19571.02,0.5699999999999998,-2021387.4703626097,0.015311076256628642,0.0232538823025783,31.09
2025-05-01,4.41,3.89,-316003.76118944,6810.6,62.17,320.62,31.2,0.0,5911.69,21340.99,0.52,-1990260.3378604,0.014629640665037913,0.023772651073680873,31.2
2025-06-01,4.24,3.72,27010.02207777,6826.5,68.17,321.435,31.31,0.0,6204.95,22679.01,0.52,-1897285.02330629,0.014203152624463256,0.02680453865910226,31.31
2025-07-01,4.37,3.94,-291142.66028767,6836.7,68.39,322.169,31.39,0.0,6339.39,23218.12,0.43000000000000016,-1944686.5962965298,0.01606574919002468,0.02742618052167134,31.39
2025-08-01,4.23,3.59,-344791.89185812,6833.7,64.86,323.291,31.49,0.0,6460.26,23415.42,0.6400000000000006,-1909398.0827201498,0.01274508350993675,0.029385917430316155,31.49
2025-09-01,4.16,3.6,197949.63036216,6839.3,63.96,324.245,31.56,0.0,6688.46,24679.99,0.56,-1775711.4612257301,0.011745735883667008,0.030225715847133294,31.56
2025-10-01,4.11,3.6,-284350.0507828,6839.3,60.89,324.245,31.7,0.0,6840.2,25858.13,0.5100000000000002,-1802611.16881662,0.011730769230769322,0.027291362382022122,31.7
2025-11-01,4.02,3.47,-173277.17507692,6854.0,60.06,325.063,31.79,0.0,6849.09,25434.89,0.5499999999999994,-1609125.27952547,0.011197828299966073,0.026964439164939513,31.79
2025-12-01,4.18,3.47,-144749.23560928,6856.8,57.97,326.031,31.83,0.0,6845.5,25249.85,0.7099999999999995,-1667142.89612146,0.013494937550809327,0.02653304114557753,31.83
2026-01-01,4.26,3.52,-94615.16236921,6862.9,60.04,326.588,31.94,0.0,6939.03,25552.39,0.7399999999999998,-1633117.85181718,0.016274248482156084,0.02391201432150014,31.94
2026-02-01,3.97,3.38,-307501.43342617,6901.2,64.51,327.46,32.04,0.0,6878.88,24960.04,0.5900000000000003,-1633602.09054408,0.021038615179760356,0.024340041103732224,32.04
2026-03-01,4.3,3.79,-164100.33881786,6854.6,91.38,330.293,32.12,0.0,6528.52,23740.19,0.5099999999999998,-1637172.1078625799,0.010883671543180817,0.032859577528651984,32.12
2026-04-01,4.4,3.88,215024.14019777,6846.0,100.32,332.407,32.23,0.0,7209.01,27452.12,0.5200000000000005,-1680547.91677977,0.00720906282183309,0.03779245836741563,32.23
2026-05-01,4.45,3.98,-292648.46208374,6890.8,102.13,333.979,32.31,0.0,7580.06,30333.18,0.4700000000000002,-1657192.61767407,0.01177576131324698,0.04166614684049641,32.31
2026-06-01,4.44,4.14,-120305.27558637,6950.4,84.81,332.568,32.38,0.0,7499.36,30276.35,0.3000000000000007,-1804507.91533821,0.01814985717424733,0.03463530729385411,32.38
2026-07-01,4.75,4.28,-432307.87462148,6976.3,80.46,332.813,32.42,0.0,7489.72,28274.2,0.46999999999999975,-1945673.12967202,0.020419208097473884,0.03303856050706311,32.42
2026-08-01,4.75,4.34,-166796.95227738,6986.1,83.9,334.131,32.53,0.0,7686.14,29456.97,0.41000000000000014,-1767678.1900912803,0.02230124237236053,0.03353016322755642,32.53
2026-09-01,5.24,4.92,-166796.95227738,6986.1,83.9,334.131,32.53,0.0,7670.84,30276.81,0.3200000000000003,-2132424.77273082,0.021464184931206498,0.03048929050563598,32.53
